Serial,date,Year,MOY,DOW,DOM,WOM,LocationKey,LOC.Level.1,LOC.Level.2,LOC.Level.3,COGS,Cost.Adjustment,Cost.Amount.Adjustment,Cost.Amount.Posted,Cost.Other.Movement,Cost.Purchase,Cost.Purchase.Financial,Cost.Stock.Adjustment,Cost.Transfer.IN,Cost.Transfer.Out,Discount,Discount.Excl.Tax,Discounted.Trans.Ind,Gross.Margin.Amount,Gross.Sales.Amount,Gross.Sales.Unit,Net.Sales.Incl.Tax,Qty.Other.Movement,Qty.Stock.Adjustment,Retail.Amount,Return.Amount,Return.Quantity,Settlement.Amount,Sales,Tax.Amount,Units.to.Gross.Units.Ratio,Opening,Qty.Purchase,Qty.Transfer.IN,Stock.Available,Qty.Transfer.OUT,Units,Daily.Sales.Average,Stock.Turnover,Label
0,25/10/2018,2018,10,3,25,4,2,Outlet,Retail.Store,Stand.Alone,3324,0,0,0,0,0,0,0,0,0,600,588,1,1968,6000,2,5400,0,0,5400,0,0,0,5294,106,2,0,0,0,2,0,2,1.5,TRUE,Under.Stock
1,25/10/2018,2018,10,3,25,4,138,Outlet,Retail.Store,None,1662,0,0,0,0,0,0,0,0,0,0,0,0,1278,3000,14,3000,0,0,3000,0,0,0,2941,59,0,0,0,0,1,0,1,1.5,TRUE,Under.Stock
4,25/10/2018,2018,10,3,25,4,5,Outlet,Retail.Store,Stand.Alone,1662,0,0,0,0,0,0,0,0,0,0,0,0,1278,3000,2,3000,0,0,3000,0,0,0,2941,59,0,0,0,0,1,0,1,0.5,TRUE,Under.Stock
7,26/10/2018,2018,10,4,26,4,138,Outlet,Retail.Store,None,1662,0,0,0,0,0,0,0,0,0,0,0,0,1278,3000,2,3000,0,0,3000,0,0,0,2941,59,0,0,0,0,1,0,1,1,TRUE,Under.Stock
15,26/10/2018,2018,10,4,26,4,2,Outlet,Retail.Store,Stand.Alone,1662,0,0,0,0,0,0,0,0,0,0,0,0,1278,3000,3,3000,0,0,3000,0,0,0,2941,59,0,0,0,0,1,0,1,1.5,TRUE,Under.Stock
23,27/10/2018,2018,10,5,27,4,2,Outlet,Retail.Store,Stand.Alone,3324,0,0,0,0,0,0,0,0,0,0,0,0,2556,6000,11,6000,0,0,6000,0,0,0,5882,118,0,0,0,0,2,0,2,1.5,TRUE,Under.Stock
25,27/10/2018,2018,10,5,27,4,138,Outlet,Retail.Store,None,4986,0,0,0,0,0,0,0,0,0,0,0,0,3836,9000,9,9000,0,0,9000,0,0,0,8824,176,0,0,0,0,3,0,3,2,TRUE,Under.Stock
31,28/10/2018,2018,10,6,28,4,138,Outlet,Retail.Store,None,1662,0,0,0,0,0,0,0,0,0,0,0,0,1278,3000,6,3000,0,0,3000,0,0,0,2941,59,0,0,0,0,1,0,1,2,TRUE,Under.Stock
37,29/10/2018,2018,10,0,29,5,2,Outlet,Retail.Store,Stand.Alone,1662,0,0,0,0,0,0,0,0,0,0,0,0,1279,3000,4,3000,0,0,3000,0,0,0,2942,58,0,0,0,0,1,0,1,1.5,TRUE,Under.Stock
41,30/10/2018,2018,10,1,30,5,2,Outlet,Retail.Store,Stand.Alone,1662,0,0,0,0,0,0,0,0,0,0,0,0,1278,3000,1,3000,0,0,3000,0,0,0,2941,59,1,0,0,0,1,0,1,1,TRUE,Under.Stock
123,10/11/2018,2018,11,5,10,2,41,Warehouse,Retail.Store,Shopping.Mall,3324,0,0,0,0,0,0,0,0,0,0,0,0,2556,6000,3,6000,0,0,6000,0,0,0,5882,118,1,0,0,0,2,0,2,7,TRUE,Under.Stock
139,11/11/2018,2018,11,6,11,2,41,Warehouse,Retail.Store,Shopping.Mall,21606,0,0,0,0,0,0,0,0,0,0,0,0,16618,39000,38,39000,0,0,39000,0,0,0,38233,767,3,0,0,0,13,0,13,7.5,TRUE,Under.Stock
198,19/11/2018,2018,11,0,19,3,4,Outlet,Retail.Store,Shopping.Mall,4986,0,0,0,0,0,0,0,0,0,0,0,0,3834,9000,7,9000,0,0,9000,3000,1,0,8823,177,3,5,0,0,5,0,3,2.5,FALSE,Under.Stock
235,24/11/2018,2018,11,5,24,4,42,Outlet,Retail.Store,Shopping.Mall,11634,0,0,0,0,0,0,0,0,0,0,0,0,8947,21000,27,21000,0,0,21000,3000,1,0,20587,413,1,10,0,0,10,0,7,5,FALSE,Under.Stock
245,26/11/2018,2018,11,0,26,4,42,Outlet,Retail.Store,Shopping.Mall,1662,0,0,0,0,0,0,0,0,0,0,0,0,1279,3000,3,3000,0,0,3000,0,0,0,2942,58,0,3,0,0,3,0,1,4,FALSE,Under.Stock
251,27/11/2018,2018,11,1,27,4,4,Outlet,Retail.Store,Shopping.Mall,0,0,0,3324,0,0,0,0,0,3324,0,0,0,0,0,0,0,0,0,0,0,0,0,0,0,0,2,0,0,2,2,0,1.5,FALSE,Under.Stock
279,01/12/2018,2018,12,5,1,1,44,Primary.Store,Retail.Store,Shopping.Mall,6648,0,0,0,0,0,0,0,0,0,0,0,0,5113,12000,8,12000,0,0,12000,0,0,0,11764,236,2,7,0,0,7,0,4,3.5,FALSE,Under.Stock
329,13/12/2018,2018,12,3,13,2,42,Outlet,Retail.Store,Shopping.Mall,3324,0,0,0,0,0,0,0,0,0,0,0,0,2556,6000,6,6000,0,0,6000,0,0,0,5882,118,0,3,0,0,3,0,2,1.5,FALSE,Under.Stock
336,14/12/2018,2018,12,4,14,2,43,NOS,Retail.Store,Shopping.Mall,1662,0,0,0,0,0,0,0,0,0,0,0,0,1278,3000,2,3000,0,0,3000,0,0,0,2941,59,0,2,0,0,2,0,1,2,FALSE,Under.Stock
347,16/12/2018,2018,12,6,16,3,43,NOS,Retail.Store,Shopping.Mall,1662,0,0,0,0,0,0,0,0,0,0,0,0,1278,3000,2,3000,0,0,3000,0,0,0,2941,59,0,1,0,0,1,0,1,1,TRUE,Under.Stock
354,17/12/2018,2018,12,0,17,3,44,Primary.Store,Retail.Store,Shopping.Mall,1662,0,0,0,0,0,0,0,0,0,0,0,0,1278,3000,2,3000,0,0,3000,0,0,0,2941,59,0,2,0,0,2,0,1,2,FALSE,Under.Stock
362,19/12/2018,2018,12,2,19,3,44,Primary.Store,Retail.Store,Shopping.Mall,1662,0,0,0,0,0,0,0,0,0,0,0,0,1278,3000,1,3000,0,0,3000,0,0,0,2941,59,1,1,0,0,1,0,1,1,TRUE,Under.Stock
376,22/12/2018,2018,12,5,22,4,5,Outlet,Retail.Store,Stand.Alone,1662,0,0,0,0,0,0,0,0,0,0,0,0,1278,3000,1,3000,0,0,3000,0,0,0,2941,59,1,2,0,0,2,0,1,1.5,FALSE,Under.Stock
389,25/12/2018,2018,12,1,25,4,2,Outlet,Retail.Store,Stand.Alone,1662,0,0,0,0,0,0,0,0,0,0,0,0,1278,3000,1,3000,0,0,3000,0,0,0,2941,59,1,1,0,0,1,0,1,1,TRUE,Under.Stock
395,27/12/2018,2018,12,3,27,4,138,Outlet,Retail.Store,None,1662,0,0,0,0,0,0,0,0,0,0,0,0,1278,3000,13,3000,0,0,3000,0,0,0,2941,59,0,1,0,0,1,0,1,1,TRUE,Under.Stock
398,28/12/2018,2018,12,4,28,4,6,Primary.Store,Retail.Store,Shopping.Mall,3324,0,0,0,0,0,0,0,0,0,0,0,0,2557,6000,6,6000,0,0,6000,0,0,0,5882,118,0,2,0,0,2,0,2,1,TRUE,Under.Stock
399,28/12/2018,2018,12,4,28,4,44,Primary.Store,Retail.Store,Shopping.Mall,0,0,0,0,0,0,0,0,0,0,0,0,0,0,0,0,0,0,0,0,0,0,0,0,0,0,0,0,0,0,0,0,0.5,FALSE,Under.Stock
411,02/01/2019,2019,1,2,2,1,5,Outlet,Retail.Store,Stand.Alone,1662,0,0,0,0,0,0,0,0,0,0,0,0,1278,3000,2,3000,0,0,3000,0,0,0,2941,59,0,1,0,0,1,0,1,0.5,TRUE,Under.Stock
421,05/01/2019,2019,1,5,5,1,6,Primary.Store,Retail.Store,Shopping.Mall,0,0,0,0,0,0,0,0,0,0,0,0,0,0,0,12,0,0,0,0,3000,1,0,0,0,0,0,0,0,0,0,0,1,FALSE,Under.Stock
425,06/01/2019,2019,1,6,6,1,6,Primary.Store,Retail.Store,Shopping.Mall,1662,0,0,0,0,0,0,0,0,0,0,0,0,1278,3000,2,3000,0,0,3000,0,0,0,2941,59,0,1,0,0,1,0,1,0.5,TRUE,Under.Stock
444,16/01/2019,2019,1,2,16,3,41,Warehouse,Retail.Store,Shopping.Mall,1662,0,0,0,0,0,0,0,0,0,0,0,0,1278,3000,4,3000,0,0,3000,0,0,0,2941,59,0,1,0,0,1,0,1,1.5,TRUE,Under.Stock
470,01/02/2019,2019,2,4,1,1,6,Primary.Store,Retail.Store,Shopping.Mall,21607,0,0,0,0,0,0,0,0,0,0,0,0,5150,27300,65,27300,0,0,27300,0,0,0,26763,537,1,0,0,0,13,0,13,7,TRUE,Under.Stock
471,01/02/2019,2019,2,4,1,1,3,Outlet,Retail.Store,Shopping.Mall,16620,0,0,0,0,0,0,0,0,0,0,0,0,3962,21000,42,21000,0,0,21000,0,0,0,20590,410,3,1,0,0,11,0,10,5.5,FALSE,Under.Stock
475,01/02/2019,2019,2,4,1,1,44,Primary.Store,Retail.Store,Shopping.Mall,8310,0,0,0,0,0,0,0,0,0,0,0,0,1980,10500,25,10500,0,0,10500,0,0,0,10294,206,1,1,0,0,6,0,5,3,FALSE,Under.Stock
477,02/02/2019,2019,2,5,2,1,6,Primary.Store,Retail.Store,Shopping.Mall,49864,0,0,0,0,0,0,0,0,0,0,0,0,11897,63000,121,63000,0,0,63000,0,0,0,61769,1231,7,0,0,0,30,0,30,21.5,TRUE,Under.Stock
478,02/02/2019,2019,2,5,2,1,3,Outlet,Retail.Store,Shopping.Mall,3324,0,0,0,0,0,0,0,0,0,0,0,0,792,4200,10,4200,0,0,4200,0,0,0,4118,82,0,1,0,0,3,0,2,6,FALSE,Under.Stock
480,02/02/2019,2019,2,5,2,1,2,Outlet,Retail.Store,Stand.Alone,0,0,0,0,0,0,0,0,0,0,0,0,0,0,0,3,0,0,0,0,2100,1,0,0,0,0,0,0,0,0,0,0,0.5,FALSE,Under.Stock
481,02/02/2019,2019,2,5,2,1,44,Primary.Store,Retail.Store,Shopping.Mall,9973,0,0,0,0,0,0,0,0,0,0,0,0,2380,12600,23,12600,0,0,12600,0,0,0,12354,246,1,1,0,0,7,0,6,5.5,FALSE,Under.Stock
482,03/02/2019,2019,2,6,3,1,44,Primary.Store,Retail.Store,Shopping.Mall,1662,0,0,0,0,0,0,0,0,0,0,0,0,395,2100,2,2100,0,0,2100,2100,1,0,2058,42,0,1,0,0,0,0,1,2.5,FALSE,Under.Stock
483,03/02/2019,2019,2,6,3,1,3,Outlet,Retail.Store,Shopping.Mall,1662,0,0,0,0,0,0,0,0,0,0,0,0,396,2100,6,2100,0,0,2100,0,0,0,2059,41,0,1,0,0,2,0,1,1.5,FALSE,Under.Stock
487,03/02/2019,2019,2,6,3,1,6,Primary.Store,Retail.Store,Shopping.Mall,24930,0,0,0,0,0,0,0,0,0,0,0,0,5947,31500,72,31500,0,0,31500,2100,0,0,30883,617,4,0,0,0,15,0,15,22.5,TRUE,Under.Stock
495,05/02/2019,2019,2,1,5,1,44,Primary.Store,Retail.Store,Shopping.Mall,1662,0,0,0,0,0,0,0,0,0,0,0,0,396,2100,1,2100,0,0,2100,0,0,0,2059,41,1,1,0,0,1,0,1,0.5,TRUE,Under.Stock
504,10/02/2019,2019,2,6,10,2,6,Primary.Store,Retail.Store,Shopping.Mall,6648,0,0,0,0,0,0,0,0,0,0,0,0,1586,8400,11,8400,0,0,8400,0,0,0,8236,164,1,6,0,0,6,0,4,3.5,FALSE,Under.Stock
507,11/02/2019,2019,2,0,11,2,3,Outlet,Retail.Store,Shopping.Mall,1662,0,0,0,0,0,0,0,0,0,0,0,0,191,1500,25,1500,0,0,1500,0,0,0,1471,29,0,1,0,0,1,0,1,0.5,TRUE,Under.Stock
509,11/02/2019,2019,2,0,11,2,6,Primary.Store,Retail.Store,Shopping.Mall,1662,0,0,0,0,0,0,0,0,0,0,0,0,191,1500,1,1500,0,0,1500,0,1,0,1471,29,1,2,0,0,2,0,1,2.5,FALSE,Under.Stock
512,13/02/2019,2019,2,2,13,2,136,Primary.Store,Retail.Store,Stand.Alone,6648,0,0,0,0,0,0,0,0,0,0,0,0,765,6000,13,6000,0,0,6000,0,0,0,5883,117,1,5,0,0,5,0,4,4,FALSE,Under.Stock
513,14/02/2019,2019,2,3,14,2,136,Primary.Store,Retail.Store,Stand.Alone,1662,0,0,0,0,0,0,0,0,0,0,0,0,191,1500,3,1500,0,0,1500,0,0,0,1471,29,0,1,0,0,1,0,1,2.5,TRUE,Under.Stock
514,16/02/2019,2019,2,5,16,3,136,Primary.Store,Retail.Store,Stand.Alone,3324,0,0,0,0,0,0,0,0,0,0,0,0,383,3000,16,3000,0,0,3000,1500,1,0,2941,59,1,0,0,0,2,0,2,1.5,TRUE,Under.Stock
515,20/02/2019,2019,2,2,20,3,136,Primary.Store,Retail.Store,Stand.Alone,1662,0,0,0,0,0,0,0,0,0,0,0,0,191,1500,25,1500,0,0,1500,1500,1,0,1471,29,0,0,0,0,1,0,1,1.5,TRUE,Under.Stock
516,20/02/2019,2019,2,2,20,3,6,Primary.Store,Retail.Store,Shopping.Mall,1662,0,0,0,0,0,0,0,0,0,0,0,0,191,1500,1,1500,0,0,1500,0,0,0,1471,29,1,1,0,0,1,0,1,1,TRUE,Under.Stock
517,21/02/2019,2019,2,3,21,3,136,Primary.Store,Retail.Store,Stand.Alone,0,0,0,0,0,0,0,0,0,0,0,0,0,0,0,0,0,0,0,0,0,2,0,0,0,0,0,0,0,0,0,0,0.5,FALSE,Under.Stock
518,21/02/2019,2019,2,3,21,3,6,Primary.Store,Retail.Store,Shopping.Mall,0,0,0,0,0,0,0,0,0,0,0,0,0,0,0,0,0,0,0,0,0,2,0,0,0,0,0,0,0,0,0,0,0.5,FALSE,Under.Stock
519,21/02/2019,2019,2,3,21,3,44,Primary.Store,Retail.Store,Shopping.Mall,0,0,0,0,0,0,0,0,0,0,0,0,0,0,0,0,0,0,0,0,0,1,0,0,0,0,0,0,0,0,0,0,0.5,FALSE,Under.Stock
522,04/03/2019,2019,3,0,4,1,41,Warehouse,Retail.Store,Shopping.Mall,1662,0,0,0,0,0,0,0,0,0,0,0,0,192,1500,2,1500,0,0,1500,0,0,0,1470,30,0,0,0,0,1,0,1,1,TRUE,Under.Stock
523,23/04/2019,2019,4,1,23,4,41,Warehouse,Retail.Store,Shopping.Mall,0,0,0,0,0,0,0,1662,0,0,0,0,0,0,0,0,0,0,1,0,0,0,0,0,0,0,0,0,0,0,0,0,0.5,FALSE,Under.Stock
525,22/06/2019,2019,6,5,22,4,42,Outlet,Retail.Store,Shopping.Mall,1662,0,0,0,0,0,0,0,0,0,0,0,0,191,1500,1,1500,0,0,1500,0,0,0,1471,29,1,1,0,0,1,0,1,1,TRUE,Under.Stock
527,29/08/2019,2019,8,3,29,5,42,Outlet,Retail.Store,Shopping.Mall,0,0,0,0,0,0,0,1662,0,0,0,0,0,0,0,0,0,0,1,0,0,0,0,0,0,0,0,0,0,0,0,0,0.5,FALSE,Under.Stock
528,03/09/2019,2019,9,1,3,1,41,Warehouse,Retail.Store,Shopping.Mall,1662,0,0,0,0,0,0,0,0,0,0,0,0,162,1710,1,1710,0,0,1500,0,0,0,1500,210,1,0,0,0,1,0,1,0.5,TRUE,Under.Stock
529,13/10/2019,2019,10,6,13,2,41,Warehouse,Retail.Store,Shopping.Mall,0,0,0,0,0,0,0,1662,0,0,0,0,0,0,0,0,0,0,1,0,0,0,0,0,0,0,0,0,0,0,0,0,0.5,FALSE,Under.Stock
2,25/10/2018,2018,10,3,25,4,6,Primary.Store,Retail.Store,Shopping.Mall,0,0,0,526928,0,0,0,0,526928,0,0,0,0,0,0,0,0,0,0,0,0,0,0,0,0,0,0,0,317,317,0,0,4.5,FALSE,Normal
3,25/10/2018,2018,10,3,25,4,5,Outlet,Retail.Store,Stand.Alone,0,0,0,69808,0,0,0,0,69808,0,0,0,0,0,0,0,0,0,0,0,0,0,0,0,0,0,0,0,42,41,0,0,0.5,FALSE,Normal
5,25/10/2018,2018,10,3,25,4,44,Primary.Store,Retail.Store,Shopping.Mall,0,0,0,159569,0,0,0,0,159569,0,0,0,0,0,0,0,0,0,0,0,0,0,0,0,0,0,0,0,96,96,0,0,1.5,FALSE,Normal
6,25/10/2018,2018,10,3,25,4,42,Outlet,Retail.Store,Shopping.Mall,0,0,0,96406,0,0,0,0,96406,0,0,0,0,0,0,0,0,0,0,0,0,0,0,0,0,0,0,0,58,58,0,0,1,FALSE,Normal
8,26/10/2018,2018,10,4,26,4,43,NOS,Retail.Store,Shopping.Mall,0,0,0,36564,0,0,0,0,36564,0,0,0,0,0,0,0,0,0,0,0,0,0,0,0,0,0,0,0,22,22,0,0,0.75,FALSE,Normal
9,26/10/2018,2018,10,4,26,4,5,Outlet,Retail.Store,Stand.Alone,1662,0,0,0,0,0,0,0,0,0,0,0,0,1278,3000,3,3000,0,0,3000,0,0,0,2941,59,0,41,0,0,41,0,1,0.5,FALSE,Normal
10,26/10/2018,2018,10,4,26,4,6,Primary.Store,Retail.Store,Shopping.Mall,6648,0,0,0,0,0,0,0,0,0,0,0,0,5112,12000,17,12000,0,0,12000,0,0,0,11764,236,1,317,0,0,317,0,4,2,FALSE,Normal
11,26/10/2018,2018,10,4,26,4,42,Outlet,Retail.Store,Shopping.Mall,1662,0,0,0,0,0,0,0,0,0,0,0,0,1278,3000,2,3000,0,0,3000,0,0,0,2941,59,0,58,0,0,58,0,1,0.5,FALSE,Normal
12,26/10/2018,2018,10,4,26,4,4,Outlet,Retail.Store,Shopping.Mall,4986,0,0,0,0,0,0,0,0,0,0,0,0,3834,9000,7,9000,0,0,9000,0,0,0,8823,177,2,28,0,0,28,0,3,1.5,FALSE,Normal
13,26/10/2018,2018,10,4,26,4,44,Primary.Store,Retail.Store,Shopping.Mall,1662,0,0,0,0,0,0,0,0,0,0,0,0,1278,3000,1,3000,0,0,3000,0,0,0,2941,59,1,96,0,0,96,0,1,0.5,FALSE,Normal
14,26/10/2018,2018,10,4,26,4,4,Outlet,Retail.Store,Shopping.Mall,0,0,0,46540,0,0,0,0,46540,0,0,0,0,0,0,0,0,0,0,0,0,0,0,0,0,0,0,0,28,28,0,0,2.5,FALSE,Normal
16,26/10/2018,2018,10,4,26,4,3,Outlet,Retail.Store,Shopping.Mall,3324,0,0,0,0,0,0,0,0,0,0,0,0,2556,6000,3,6000,0,0,6000,0,0,0,5882,118,1,109,0,0,109,0,2,1,FALSE,Normal
17,26/10/2018,2018,10,4,26,4,3,Outlet,Retail.Store,Shopping.Mall,0,0,0,181178,0,0,0,0,181178,0,0,0,0,0,0,0,0,0,0,0,0,0,0,0,0,0,0,0,109,109,0,0,3.5,FALSE,Normal
18,27/10/2018,2018,10,5,27,4,44,Primary.Store,Retail.Store,Shopping.Mall,6648,0,0,0,0,0,0,0,0,0,0,0,0,5112,12000,11,12000,0,0,12000,0,0,0,11764,236,1,95,0,0,95,0,4,2.5,FALSE,Normal
19,27/10/2018,2018,10,5,27,4,6,Primary.Store,Retail.Store,Shopping.Mall,16620,0,0,0,0,0,0,0,0,0,0,0,0,12785,30000,19,30000,0,0,30000,0,0,0,29410,590,5,313,0,0,313,0,10,7,FALSE,Normal
20,27/10/2018,2018,10,5,27,4,5,Outlet,Retail.Store,Stand.Alone,11634,0,0,0,0,0,0,0,0,0,0,0,0,8949,21000,23,21000,0,0,21000,0,0,0,20587,413,2,40,0,0,40,0,7,4,FALSE,Normal
21,27/10/2018,2018,10,5,27,4,3,Outlet,Retail.Store,Shopping.Mall,16620,0,0,0,0,0,0,0,0,0,600,588,1,12193,30000,30,29400,0,0,29400,0,0,0,28822,578,2,107,0,0,107,0,10,6,FALSE,Normal
22,27/10/2018,2018,10,5,27,4,43,NOS,Retail.Store,Shopping.Mall,1662,0,0,0,0,0,0,0,0,0,0,0,0,1278,3000,2,3000,0,0,3000,0,0,0,2941,59,0,22,0,0,22,0,1,0.5,FALSE,Normal
24,27/10/2018,2018,10,5,27,4,4,Outlet,Retail.Store,Shopping.Mall,6648,0,0,0,0,0,0,0,0,0,0,0,0,5113,12000,9,12000,0,0,12000,0,0,0,11764,236,1,25,0,0,25,0,4,3.5,FALSE,Normal
26,28/10/2018,2018,10,6,28,4,43,NOS,Retail.Store,Shopping.Mall,1662,0,0,0,0,0,0,0,0,0,0,0,0,1278,3000,5,3000,0,0,3000,0,0,0,2941,59,0,21,0,0,21,0,1,1,FALSE,Normal
27,28/10/2018,2018,10,6,28,4,6,Primary.Store,Retail.Store,Shopping.Mall,31580,0,0,0,0,0,0,0,0,0,0,0,0,24295,57000,54,57000,0,0,57000,0,0,0,55883,1117,5,303,0,0,303,0,19,14.5,FALSE,Normal
28,28/10/2018,2018,10,6,28,4,44,Primary.Store,Retail.Store,Shopping.Mall,13296,0,0,0,0,0,0,0,0,0,0,0,0,10226,24000,39,24000,0,0,24000,3000,1,0,23530,470,0,91,0,0,91,0,8,6,FALSE,Normal
29,28/10/2018,2018,10,6,28,4,4,Outlet,Retail.Store,Shopping.Mall,1662,0,0,0,0,0,0,0,0,0,0,0,0,1279,3000,3,3000,0,0,3000,0,0,0,2942,58,0,21,0,0,21,0,1,2.5,FALSE,Normal
30,28/10/2018,2018,10,6,28,4,3,Outlet,Retail.Store,Shopping.Mall,9972,0,0,0,0,0,0,0,0,0,0,0,0,7670,18000,23,18000,0,0,18000,3000,1,0,17646,354,2,97,0,0,97,0,6,8,FALSE,Normal
32,28/10/2018,2018,10,6,28,4,5,Outlet,Retail.Store,Stand.Alone,3324,0,0,0,0,0,0,0,0,0,0,0,0,2556,6000,8,6000,0,0,6000,0,0,0,5882,118,0,33,0,0,33,0,2,4.5,FALSE,Normal
33,28/10/2018,2018,10,6,28,4,138,Outlet,Retail.Store,None,0,0,0,54850,0,0,0,0,54850,0,0,0,0,0,0,0,0,0,0,0,0,0,0,0,0,0,0,0,33,27,0,0,0.5,FALSE,Normal
34,29/10/2018,2018,10,0,29,5,4,Outlet,Retail.Store,Shopping.Mall,1662,0,0,0,0,0,0,0,0,0,0,0,0,1278,3000,8,3000,0,0,3000,0,0,0,2941,59,0,20,0,0,20,0,1,1,FALSE,Normal
35,29/10/2018,2018,10,0,29,5,42,Outlet,Retail.Store,Shopping.Mall,3324,0,0,0,0,0,0,0,0,0,0,0,0,2556,6000,5,6000,0,0,6000,0,0,0,5882,118,0,57,0,0,57,0,2,1.5,FALSE,Normal
36,29/10/2018,2018,10,0,29,5,3,Outlet,Retail.Store,Shopping.Mall,16621,0,0,0,0,0,0,0,0,0,0,0,0,12785,30000,28,30000,0,0,30000,6000,2,0,29411,589,5,91,0,0,91,0,10,8,FALSE,Normal
38,29/10/2018,2018,10,0,29,5,5,Outlet,Retail.Store,Stand.Alone,0,0,0,0,0,0,0,0,0,0,0,0,0,0,0,7,0,0,0,0,6000,2,0,0,0,1,31,0,0,31,0,0,1,FALSE,Normal
39,29/10/2018,2018,10,0,29,5,44,Primary.Store,Retail.Store,Shopping.Mall,3324,0,0,0,0,0,0,0,0,0,0,0,0,2556,6000,8,6000,0,0,6000,0,0,0,5882,118,0,83,0,0,83,0,2,5,FALSE,Normal
40,29/10/2018,2018,10,0,29,5,6,Primary.Store,Retail.Store,Shopping.Mall,14958,0,0,0,0,0,0,0,0,0,0,0,0,11505,27000,42,27000,0,0,27000,3000,1,0,26469,531,2,284,0,0,284,0,9,14,FALSE,Normal
42,30/10/2018,2018,10,1,30,5,3,Outlet,Retail.Store,Shopping.Mall,3324,0,0,0,0,0,0,0,0,0,0,0,0,2556,6000,21,6000,0,0,6000,6000,2,0,5882,118,2,81,0,0,81,0,2,6,FALSE,Normal
43,30/10/2018,2018,10,1,30,5,6,Primary.Store,Retail.Store,Shopping.Mall,8310,0,0,0,0,0,0,0,0,0,0,0,0,6393,15000,27,15000,0,0,15000,3000,1,0,14706,294,3,275,0,0,275,0,5,7,FALSE,Normal
44,30/10/2018,2018,10,1,30,5,44,Primary.Store,Retail.Store,Shopping.Mall,4986,0,0,0,0,0,0,0,0,0,600,588,1,3246,9000,15,8400,0,0,8400,3000,1,0,8235,165,0,81,0,0,81,0,3,2.5,FALSE,Normal
45,30/10/2018,2018,10,1,30,5,42,Outlet,Retail.Store,Shopping.Mall,1662,0,0,0,0,0,0,0,0,0,0,0,0,1279,3000,5,3000,0,0,3000,3000,1,0,2941,59,1,55,0,0,55,0,1,1.5,FALSE,Normal
46,30/10/2018,2018,10,1,30,5,43,NOS,Retail.Store,Shopping.Mall,1662,0,0,0,0,0,0,0,0,0,0,0,0,1278,3000,1,3000,0,0,3000,0,0,0,2941,59,1,20,0,0,20,0,1,1,FALSE,Normal
47,30/10/2018,2018,10,1,30,5,5,Outlet,Retail.Store,Stand.Alone,6648,0,0,0,0,0,0,0,0,0,0,0,0,5112,12000,15,12000,0,0,12000,3000,1,0,11764,236,1,31,0,0,31,0,4,2,FALSE,Normal
48,31/10/2018,2018,10,2,31,5,3,Outlet,Retail.Store,Shopping.Mall,1662,0,0,0,0,0,0,0,0,0,0,0,0,1278,3000,1,3000,0,0,3000,0,0,0,2941,59,1,79,0,0,79,0,1,1.5,FALSE,Normal
49,31/10/2018,2018,10,2,31,5,44,Primary.Store,Retail.Store,Shopping.Mall,6648,0,0,0,0,0,0,0,0,0,0,0,0,5114,12000,17,12000,0,0,12000,3000,1,0,11766,234,0,78,0,0,78,0,4,3.5,FALSE,Normal
50,31/10/2018,2018,10,2,31,5,6,Primary.Store,Retail.Store,Shopping.Mall,11634,0,0,0,0,0,0,0,0,0,0,0,0,8948,21000,35,21000,0,0,21000,0,0,0,20587,413,2,270,0,0,270,0,7,6,FALSE,Normal
51,31/10/2018,2018,10,2,31,5,2,Outlet,Retail.Store,Stand.Alone,0,0,0,109704,0,0,0,0,109704,0,0,0,0,0,0,0,0,0,0,0,0,0,0,0,0,0,0,0,66,59,0,0,0.5,FALSE,Normal
52,31/10/2018,2018,10,2,31,5,42,Outlet,Retail.Store,Shopping.Mall,1662,0,0,0,0,0,0,0,0,0,0,0,0,1278,3000,1,3000,0,0,3000,0,0,0,2941,59,1,54,0,0,54,0,1,1,FALSE,Normal
53,01/11/2018,2018,11,3,1,1,138,Outlet,Retail.Store,None,1662,0,0,0,0,0,0,0,0,0,0,0,0,1278,3000,8,3000,0,0,3000,0,0,0,2941,59,0,27,0,0,27,0,1,0.5,FALSE,Normal
54,01/11/2018,2018,11,3,1,1,4,Outlet,Retail.Store,Shopping.Mall,1662,0,0,0,0,0,0,0,0,0,0,0,0,1278,3000,1,3000,0,0,3000,0,0,0,2941,59,1,19,0,0,19,0,1,1,FALSE,Normal
55,01/11/2018,2018,11,3,1,1,42,Outlet,Retail.Store,Shopping.Mall,6648,0,0,0,0,0,0,0,0,0,0,0,0,5113,12000,11,12000,0,0,12000,0,0,0,11764,236,1,53,0,0,53,0,4,2.5,FALSE,Normal
56,01/11/2018,2018,11,3,1,1,6,Primary.Store,Retail.Store,Shopping.Mall,26593,0,0,0,0,0,0,0,0,0,0,0,0,20456,48000,63,48000,0,0,48000,6000,2,0,47057,943,6,263,0,0,263,0,16,11.5,FALSE,Normal
57,01/11/2018,2018,11,3,1,1,44,Primary.Store,Retail.Store,Shopping.Mall,3324,0,0,0,0,0,0,0,0,0,0,0,0,2556,6000,4,6000,0,0,6000,0,0,0,5882,118,0,74,0,0,74,0,2,3,FALSE,Normal
58,01/11/2018,2018,11,3,1,1,3,Outlet,Retail.Store,Shopping.Mall,3324,0,0,0,0,0,0,0,0,0,0,0,0,2556,6000,6,6000,0,0,6000,0,0,0,5882,118,0,78,0,0,78,0,2,1.5,FALSE,Normal
59,02/11/2018,2018,11,4,2,1,44,Primary.Store,Retail.Store,Shopping.Mall,1662,0,0,0,0,0,0,0,0,0,0,0,0,1278,3000,2,3000,0,0,3000,0,0,0,2941,59,0,72,0,0,72,0,1,1.5,FALSE,Normal
60,02/11/2018,2018,11,4,2,1,6,Primary.Store,Retail.Store,Shopping.Mall,14958,0,0,0,0,0,0,0,0,0,1500,1470,1,10035,27000,35,25500,0,0,25500,0,0,0,24999,501,1,247,0,0,247,0,9,12.5,FALSE,Normal
61,02/11/2018,2018,11,4,2,1,3,Outlet,Retail.Store,Shopping.Mall,4986,0,0,0,0,0,0,0,0,0,0,0,0,3835,9000,8,9000,0,0,9000,0,0,0,8823,177,0,76,0,0,76,0,3,2.5,FALSE,Normal
62,03/11/2018,2018,11,5,3,1,4,Outlet,Retail.Store,Shopping.Mall,4986,0,0,0,0,0,0,0,0,0,0,0,0,3834,9000,7,9000,0,0,9000,0,0,0,8823,177,1,18,0,0,18,0,3,2,FALSE,Normal
63,03/11/2018,2018,11,5,3,1,138,Outlet,Retail.Store,None,0,0,0,0,0,0,0,0,0,0,0,0,0,0,0,8,0,0,0,0,3000,1,0,0,0,0,26,0,0,26,0,0,0.5,FALSE,Normal
64,03/11/2018,2018,11,5,3,1,3,Outlet,Retail.Store,Shopping.Mall,16620,0,0,0,0,0,0,0,0,0,0,0,0,12782,30000,31,30000,0,0,30000,0,0,0,29410,590,3,73,0,0,73,0,10,6.5,FALSE,Normal
65,03/11/2018,2018,11,5,3,1,5,Outlet,Retail.Store,Stand.Alone,6648,0,0,0,0,0,0,0,0,0,0,0,0,5113,12000,30,12000,0,0,12000,0,0,0,11764,236,0,27,0,0,27,0,4,4,FALSE,Normal
66,03/11/2018,2018,11,5,3,1,6,Primary.Store,Retail.Store,Shopping.Mall,26592,0,0,0,0,0,0,0,0,0,0,0,0,20454,48000,55,48000,0,0,48000,3000,1,0,47056,944,4,238,0,0,238,0,16,12.5,FALSE,Normal
67,03/11/2018,2018,11,5,3,1,42,Outlet,Retail.Store,Shopping.Mall,9972,0,0,0,0,0,0,0,0,0,0,0,0,7669,18000,10,18000,0,0,18000,0,0,0,17646,354,2,49,0,0,49,0,6,5,FALSE,Normal
68,03/11/2018,2018,11,5,3,1,44,Primary.Store,Retail.Store,Shopping.Mall,13296,0,0,0,0,0,0,0,0,0,0,0,0,10227,24000,23,24000,0,0,24000,0,0,0,23529,471,2,71,0,0,71,0,8,4.5,FALSE,Normal
69,03/11/2018,2018,11,5,3,1,2,Outlet,Retail.Store,Stand.Alone,3324,0,0,0,0,0,0,0,0,0,0,0,0,2557,6000,7,6000,0,0,6000,0,0,0,5883,117,0,59,0,0,59,0,2,1,FALSE,Normal
70,04/11/2018,2018,11,6,4,1,2,Outlet,Retail.Store,Stand.Alone,1662,0,0,0,0,0,0,0,0,0,0,0,0,1278,3000,1,3000,0,0,3000,0,0,0,2941,59,1,57,0,0,57,0,1,1.5,FALSE,Normal
71,04/11/2018,2018,11,6,4,1,3,Outlet,Retail.Store,Shopping.Mall,4986,0,0,0,0,0,0,0,0,0,0,0,0,3834,9000,13,9000,0,0,9000,3000,1,0,8823,177,2,63,0,0,63,0,3,6.5,FALSE,Normal
72,04/11/2018,2018,11,6,4,1,43,NOS,Retail.Store,Shopping.Mall,1662,0,0,0,0,0,0,0,0,0,0,0,0,1278,3000,3,3000,0,0,3000,0,0,0,2941,59,0,19,0,0,19,0,1,1,FALSE,Normal
73,04/11/2018,2018,11,6,4,1,5,Outlet,Retail.Store,Stand.Alone,3324,0,0,0,0,0,0,0,0,0,600,588,1,1968,6000,5,5400,0,0,5400,0,0,0,5294,106,0,23,0,0,23,0,2,3,FALSE,Normal
74,04/11/2018,2018,11,6,4,1,6,Primary.Store,Retail.Store,Shopping.Mall,28255,0,0,0,0,0,0,0,0,0,0,0,0,21733,51000,66,51000,0,0,51000,0,0,0,49999,1001,2,222,0,0,222,0,17,16.5,FALSE,Normal
75,04/11/2018,2018,11,6,4,1,44,Primary.Store,Retail.Store,Shopping.Mall,16620,0,0,0,0,0,0,0,0,0,2700,2647,3,10138,30000,90,27300,0,0,27300,6000,2,0,26765,535,1,63,0,0,63,0,10,9,FALSE,Normal
76,04/11/2018,2018,11,6,4,1,4,Outlet,Retail.Store,Shopping.Mall,3324,0,0,0,0,0,0,0,0,0,0,0,0,2556,6000,6,6000,0,0,6000,0,0,0,5882,118,0,15,0,0,15,0,2,2.5,FALSE,Normal
77,04/11/2018,2018,11,6,4,1,42,Outlet,Retail.Store,Shopping.Mall,3324,0,0,0,0,0,0,0,0,0,0,0,0,2556,6000,8,6000,0,0,6000,0,0,0,5882,118,0,43,0,0,43,0,2,4,FALSE,Normal
78,05/11/2018,2018,11,0,5,1,6,Primary.Store,Retail.Store,Shopping.Mall,14958,0,0,0,0,0,0,0,0,0,1500,1471,3,10035,27000,39,25500,0,0,25500,7500,3,0,24999,501,5,205,0,0,205,0,9,13,FALSE,Normal
79,05/11/2018,2018,11,0,5,1,42,Outlet,Retail.Store,Shopping.Mall,8310,0,0,0,0,0,0,0,0,0,1500,1471,1,4923,15000,20,13500,0,0,13500,3000,1,0,13237,263,1,41,0,0,41,0,5,3.5,FALSE,Normal
80,05/11/2018,2018,11,0,5,1,3,Outlet,Retail.Store,Shopping.Mall,4986,0,0,0,0,0,0,0,0,0,0,0,0,3835,9000,13,9000,0,0,9000,6000,2,0,8823,177,3,60,0,0,60,0,3,3,FALSE,Normal
81,05/11/2018,2018,11,0,5,1,44,Primary.Store,Retail.Store,Shopping.Mall,14958,0,0,0,0,0,0,0,0,0,1500,1470,1,10034,27000,46,25500,0,0,25500,0,0,0,24999,501,0,53,0,0,53,0,9,9.5,FALSE,Normal
82,05/11/2018,2018,11,0,5,1,138,Outlet,Retail.Store,None,1662,0,0,0,0,0,0,0,0,0,0,0,0,1278,3000,1,3000,0,0,3000,0,0,0,2941,59,1,26,0,0,26,0,1,0.5,FALSE,Normal
83,05/11/2018,2018,11,0,5,1,5,Outlet,Retail.Store,Stand.Alone,6648,0,0,0,0,0,0,0,0,0,0,0,0,5113,12000,20,12000,0,0,12000,0,0,0,11764,236,0,21,0,0,21,0,4,3,FALSE,Normal
84,06/11/2018,2018,11,1,6,1,6,Primary.Store,Retail.Store,Shopping.Mall,3324,0,0,0,0,0,0,0,0,0,0,0,0,2558,6000,28,6000,0,0,6000,18000,6,0,5883,117,3,196,0,0,196,0,2,5.5,FALSE,Normal
85,06/11/2018,2018,11,1,6,1,4,Outlet,Retail.Store,Shopping.Mall,3324,0,0,0,0,0,0,0,0,0,0,0,0,2556,6000,8,6000,0,0,6000,0,0,0,5882,118,1,13,0,0,13,0,2,2,FALSE,Normal
86,06/11/2018,2018,11,1,6,1,2,Outlet,Retail.Store,Stand.Alone,1662,0,0,0,0,0,0,0,0,0,0,0,0,1278,3000,1,3000,0,0,3000,0,0,0,2941,59,1,56,0,0,56,0,1,1,FALSE,Normal
87,06/11/2018,2018,11,1,6,1,138,Outlet,Retail.Store,None,8310,0,0,0,0,0,0,0,0,0,0,0,0,6392,15000,19,15000,0,0,15000,0,0,0,14706,294,0,25,0,0,25,0,5,3,FALSE,Normal
88,06/11/2018,2018,11,1,6,1,44,Primary.Store,Retail.Store,Shopping.Mall,13296,0,0,0,0,0,0,0,0,0,1500,1471,1,8758,24000,13,22500,0,0,22500,3000,1,0,22059,441,7,44,0,0,44,0,8,8.5,FALSE,Normal
89,06/11/2018,2018,11,1,6,1,42,Outlet,Retail.Store,Shopping.Mall,11634,0,0,0,0,0,0,0,0,0,0,0,0,8949,21000,16,21000,0,0,21000,3000,1,0,20588,412,3,36,0,0,36,0,7,6,FALSE,Normal
90,06/11/2018,2018,11,1,6,1,5,Outlet,Retail.Store,Stand.Alone,0,0,0,0,0,0,0,0,0,0,0,0,0,0,0,8,0,0,0,0,3000,1,0,0,0,0,17,0,0,17,0,0,2,FALSE,Normal
91,06/11/2018,2018,11,1,6,1,43,NOS,Retail.Store,Shopping.Mall,3324,0,0,0,0,0,0,0,0,0,0,0,0,2556,6000,12,6000,0,0,6000,0,0,0,5882,118,0,18,0,0,18,0,2,1.5,FALSE,Normal
92,06/11/2018,2018,11,1,6,1,3,Outlet,Retail.Store,Shopping.Mall,8310,0,0,0,0,0,0,0,0,0,0,0,0,6391,15000,11,15000,0,0,15000,0,0,0,14706,294,2,57,0,0,57,0,5,4,FALSE,Normal
93,07/11/2018,2018,11,2,7,1,5,Outlet,Retail.Store,Stand.Alone,0,0,0,51526,0,0,0,0,51526,0,0,0,0,0,0,0,0,0,0,0,0,0,0,0,0,0,17,0,31,48,0,0,0,FALSE,Normal
94,07/11/2018,2018,11,2,7,1,3,Outlet,Retail.Store,Shopping.Mall,0,0,0,14960,0,0,0,0,14960,0,0,0,0,0,0,0,0,0,0,0,0,0,0,0,0,0,52,0,9,61,0,0,2.5,FALSE,Normal
95,07/11/2018,2018,11,2,7,1,3,Outlet,Retail.Store,Shopping.Mall,16620,0,0,0,0,0,0,0,0,0,0,0,0,12783,30000,39,30000,0,0,30000,0,0,0,29411,589,2,61,0,0,61,0,10,5,FALSE,Normal
96,07/11/2018,2018,11,2,7,1,5,Outlet,Retail.Store,Stand.Alone,8310,0,0,0,0,0,0,0,0,0,0,0,0,6392,15000,14,15000,0,0,15000,0,0,0,14706,294,1,48,0,0,48,0,5,2.5,FALSE,Normal
97,07/11/2018,2018,11,2,7,1,44,Primary.Store,Retail.Store,Shopping.Mall,3324,0,0,0,0,0,0,0,0,0,0,0,0,2556,6000,6,6000,0,0,6000,0,0,0,5882,118,0,36,0,0,36,0,2,5,FALSE,Normal
98,07/11/2018,2018,11,2,7,1,4,Outlet,Retail.Store,Shopping.Mall,1662,0,0,0,0,0,0,0,0,0,0,0,0,1278,3000,1,3000,0,0,3000,0,0,0,2941,59,1,11,0,0,11,0,1,1.5,FALSE,Normal
99,07/11/2018,2018,11,2,7,1,4,Outlet,Retail.Store,Shopping.Mall,0,0,0,1662,0,0,0,0,1662,0,0,0,0,0,0,0,0,0,0,0,0,0,0,0,0,0,10,0,1,11,0,0,0.5,FALSE,Normal
100,07/11/2018,2018,11,2,7,1,6,Primary.Store,Retail.Store,Shopping.Mall,16621,0,0,0,0,0,0,0,0,0,0,0,0,12785,30000,44,30000,0,0,30000,3000,1,0,29412,588,5,194,0,0,194,0,10,6,FALSE,Normal
101,07/11/2018,2018,11,2,7,1,43,NOS,Retail.Store,Shopping.Mall,1662,0,0,0,0,0,0,0,0,0,0,0,0,1278,3000,2,3000,0,0,3000,0,0,0,2941,59,0,16,0,0,16,0,1,1.5,FALSE,Normal
102,07/11/2018,2018,11,2,7,1,2,Outlet,Retail.Store,Stand.Alone,4986,0,0,0,0,0,0,0,0,0,0,0,0,3837,9000,10,9000,0,0,9000,0,0,0,8825,175,0,55,0,0,55,0,3,2,FALSE,Normal
103,07/11/2018,2018,11,2,7,1,42,Outlet,Retail.Store,Shopping.Mall,1662,0,0,0,0,0,0,0,0,0,0,0,0,1278,3000,6,3000,0,0,3000,3000,1,0,2941,59,1,29,0,0,29,0,1,4,FALSE,Normal
104,07/11/2018,2018,11,2,7,1,138,Outlet,Retail.Store,None,0,0,0,0,0,0,0,0,0,0,0,0,0,1,0,12,0,0,0,0,6000,2,0,1,1,0,20,0,0,20,0,0,2.5,FALSE,Normal
105,08/11/2018,2018,11,3,8,2,138,Outlet,Retail.Store,None,1662,0,0,0,0,0,0,0,0,0,0,0,0,1279,3000,12,3000,0,0,3000,0,0,0,2942,58,0,20,0,0,20,0,1,0.5,FALSE,Normal
106,08/11/2018,2018,11,3,8,2,5,Outlet,Retail.Store,Stand.Alone,6648,0,0,0,0,0,0,0,0,0,0,0,0,5113,12000,20,12000,0,0,12000,0,0,0,11765,235,0,43,0,0,43,0,4,4.5,FALSE,Normal
107,08/11/2018,2018,11,3,8,2,44,Primary.Store,Retail.Store,Shopping.Mall,0,0,0,83111,0,0,0,0,83111,0,0,0,0,0,0,0,0,0,0,0,0,0,0,0,0,0,30,0,50,80,0,0,2,FALSE,Normal
108,08/11/2018,2018,11,3,8,2,42,Outlet,Retail.Store,Shopping.Mall,1662,0,0,0,0,0,0,0,0,0,1500,1470,1,192,3000,4,1500,0,0,1500,0,0,0,1470,30,0,28,0,0,28,0,1,1,FALSE,Normal
109,08/11/2018,2018,11,3,8,2,3,Outlet,Retail.Store,Shopping.Mall,6648,0,0,0,0,0,0,0,0,0,0,0,0,5113,12000,28,12000,0,0,12000,0,0,0,11765,235,0,51,0,0,51,0,4,7,FALSE,Normal
110,08/11/2018,2018,11,3,8,2,2,Outlet,Retail.Store,Stand.Alone,0,0,0,0,0,0,0,0,0,0,0,0,0,0,0,4,0,0,0,0,3000,1,0,0,0,1,52,0,0,52,0,0,1.5,FALSE,Normal
111,08/11/2018,2018,11,3,8,2,6,Primary.Store,Retail.Store,Shopping.Mall,16620,0,0,0,0,0,0,0,0,0,0,0,0,12785,30000,31,30000,0,0,30000,9000,3,0,29411,589,7,184,0,0,184,0,10,10,FALSE,Normal
112,08/11/2018,2018,11,3,8,2,4,Outlet,Retail.Store,Shopping.Mall,1662,0,0,0,0,0,0,0,0,0,0,0,0,1278,3000,6,3000,0,0,3000,0,0,0,2941,59,0,11,0,0,11,0,1,0.5,FALSE,Normal
113,08/11/2018,2018,11,3,8,2,44,Primary.Store,Retail.Store,Shopping.Mall,6648,0,0,0,0,0,0,0,0,0,1500,1471,1,3643,12000,12,10500,0,0,10500,0,0,0,10294,206,1,34,0,0,34,0,4,3,FALSE,Normal
114,09/11/2018,2018,11,4,9,2,2,Outlet,Retail.Store,Stand.Alone,6648,0,0,0,0,0,0,0,0,0,0,0,0,5113,12000,16,12000,0,0,12000,0,0,0,11765,235,2,52,0,0,52,0,4,2,FALSE,Normal
115,09/11/2018,2018,11,4,9,2,3,Outlet,Retail.Store,Shopping.Mall,8310,0,0,0,0,0,0,0,0,0,0,0,0,6390,15000,8,15000,0,0,15000,0,0,0,14705,295,2,47,0,0,47,0,5,4.5,FALSE,Normal
116,09/11/2018,2018,11,4,9,2,6,Primary.Store,Retail.Store,Shopping.Mall,6648,0,0,0,0,0,0,0,0,0,0,0,0,5114,12000,14,12000,0,0,12000,0,0,0,11765,235,2,174,0,0,174,0,4,7,FALSE,Normal
117,09/11/2018,2018,11,4,9,2,42,Outlet,Retail.Store,Shopping.Mall,4986,0,0,0,0,0,0,0,0,0,0,0,0,3835,9000,4,9000,0,0,9000,0,0,0,8823,177,2,27,0,0,27,0,3,2,FALSE,Normal
118,09/11/2018,2018,11,4,9,2,4,Outlet,Retail.Store,Shopping.Mall,1662,0,0,0,0,0,0,0,0,0,0,0,0,1278,3000,1,3000,0,0,3000,0,0,0,2941,59,1,10,0,0,10,0,1,1,FALSE,Normal
119,09/11/2018,2018,11,4,9,2,44,Primary.Store,Retail.Store,Shopping.Mall,13297,0,0,0,0,0,0,0,0,0,0,0,0,10228,24000,45,24000,0,0,24000,3000,1,0,23529,471,2,80,0,0,80,0,8,4,FALSE,Normal
120,09/11/2018,2018,11,4,9,2,5,Outlet,Retail.Store,Stand.Alone,1662,0,0,0,0,0,0,0,0,0,0,0,0,1278,3000,8,3000,0,0,3000,0,0,0,2941,59,0,39,0,0,39,0,1,2.5,FALSE,Normal
121,09/11/2018,2018,11,4,9,2,138,Outlet,Retail.Store,None,3324,0,0,0,0,0,0,0,0,0,0,0,0,2556,6000,11,6000,0,0,6000,0,0,0,5882,118,0,19,0,0,19,0,2,1.5,FALSE,Normal
122,09/11/2018,2018,11,4,9,2,43,NOS,Retail.Store,Shopping.Mall,1662,0,0,0,0,0,0,0,0,0,0,0,0,1278,3000,1,3000,0,0,3000,0,0,0,2941,59,1,15,0,0,15,0,1,1,FALSE,Normal
124,10/11/2018,2018,11,5,10,2,138,Outlet,Retail.Store,None,6648,0,0,0,0,0,0,0,0,0,0,0,0,5113,12000,9,12000,0,0,12000,0,0,0,11764,236,2,17,0,0,17,0,4,3,FALSE,Normal
125,10/11/2018,2018,11,5,10,2,2,Outlet,Retail.Store,Stand.Alone,6648,0,0,0,0,0,0,0,0,0,1500,1470,1,3642,12000,37,10500,0,0,10500,0,0,0,10293,207,1,48,0,0,48,0,4,4,FALSE,Normal
126,10/11/2018,2018,11,5,10,2,136,Primary.Store,Retail.Store,Stand.Alone,0,0,0,526928,0,0,0,0,526928,0,0,0,0,0,0,0,0,0,0,0,0,0,0,0,0,0,0,0,317,317,0,0,0,FALSE,Normal
127,10/11/2018,2018,11,5,10,2,44,Primary.Store,Retail.Store,Shopping.Mall,9972,0,0,0,0,0,0,0,0,0,0,0,0,7669,18000,30,18000,0,0,18000,0,0,0,17646,354,2,72,0,0,72,0,6,7,FALSE,Normal
128,10/11/2018,2018,11,5,10,2,43,NOS,Retail.Store,Shopping.Mall,1662,0,0,0,0,0,0,0,0,0,0,0,0,1278,3000,10,3000,0,0,3000,0,0,0,2941,59,0,14,0,0,14,0,1,1,FALSE,Normal
129,10/11/2018,2018,11,5,10,2,4,Outlet,Retail.Store,Shopping.Mall,1662,0,0,0,0,0,0,0,0,0,0,0,0,1278,3000,2,3000,0,0,3000,0,0,0,2941,59,0,9,0,0,9,0,1,1,FALSE,Normal
130,10/11/2018,2018,11,5,10,2,5,Outlet,Retail.Store,Stand.Alone,6648,0,0,0,0,0,0,0,0,0,0,0,0,5114,12000,15,12000,0,0,12000,3000,1,0,11765,235,1,38,0,0,38,0,4,2.5,FALSE,Normal
131,10/11/2018,2018,11,5,10,2,3,Outlet,Retail.Store,Shopping.Mall,11634,0,0,0,0,0,0,0,0,0,0,0,0,8948,21000,27,21000,0,0,21000,3000,1,0,20589,411,2,42,0,0,42,0,7,6,FALSE,Normal
132,10/11/2018,2018,11,5,10,2,6,Primary.Store,Retail.Store,Shopping.Mall,26592,0,0,0,0,0,0,0,0,0,4500,4413,3,16046,48000,63,43500,0,0,43500,3000,1,0,42647,853,6,170,0,0,170,0,16,10,FALSE,Normal
133,10/11/2018,2018,11,5,10,2,42,Outlet,Retail.Store,Shopping.Mall,6648,0,0,0,0,0,0,0,0,0,0,0,0,5114,12000,13,12000,0,0,12000,0,0,0,11765,235,0,24,0,0,24,0,4,3.5,FALSE,Normal
134,11/11/2018,2018,11,6,11,2,44,Primary.Store,Retail.Store,Shopping.Mall,9972,0,0,0,0,0,0,0,0,0,0,0,0,7670,18000,26,18000,0,0,18000,6000,2,0,17647,353,3,66,0,0,66,0,6,6,FALSE,Normal
135,11/11/2018,2018,11,6,11,2,3,Outlet,Retail.Store,Shopping.Mall,3324,0,0,0,0,0,0,0,0,0,1500,1471,1,1087,6000,15,4500,0,0,4500,3000,1,0,4412,88,1,35,0,0,35,0,2,4.5,FALSE,Normal
136,11/11/2018,2018,11,6,11,2,5,Outlet,Retail.Store,Stand.Alone,1662,0,0,0,0,0,0,0,0,0,0,0,0,1279,3000,5,3000,0,0,3000,3000,1,0,2942,58,1,34,0,0,34,0,1,2.5,FALSE,Normal
137,11/11/2018,2018,11,6,11,2,6,Primary.Store,Retail.Store,Shopping.Mall,29918,0,0,0,0,0,0,0,0,0,0,0,0,23013,54000,102,54000,0,0,54000,6000,2,0,52938,1062,7,154,0,0,154,0,18,17,FALSE,Normal
138,11/11/2018,2018,11,6,11,2,42,Outlet,Retail.Store,Shopping.Mall,1662,0,0,0,0,0,0,0,0,0,0,0,0,1279,3000,5,3000,0,0,3000,3000,1,0,2941,59,1,20,0,0,20,0,1,2.5,FALSE,Normal
140,11/11/2018,2018,11,6,11,2,2,Outlet,Retail.Store,Stand.Alone,3324,0,0,0,0,0,0,0,0,0,0,0,0,2556,6000,4,6000,0,0,6000,0,0,0,5882,118,1,44,0,0,44,0,2,3,FALSE,Normal
141,12/11/2018,2018,11,0,12,2,3,Outlet,Retail.Store,Shopping.Mall,9972,0,0,0,0,0,0,0,0,0,0,0,0,7669,18000,30,18000,0,0,18000,0,0,0,17647,353,0,33,0,0,33,0,6,4,FALSE,Normal
142,12/11/2018,2018,11,0,12,2,5,Outlet,Retail.Store,Stand.Alone,4986,0,0,0,0,0,0,0,0,0,0,0,0,3834,9000,11,9000,0,0,9000,3000,1,0,8823,177,1,33,0,0,33,0,3,2,FALSE,Normal
143,12/11/2018,2018,11,0,12,2,42,Outlet,Retail.Store,Shopping.Mall,0,0,0,0,0,0,0,0,0,0,0,0,0,0,0,4,0,0,0,0,3000,1,0,0,0,0,19,0,0,19,0,0,0.5,FALSE,Normal
144,12/11/2018,2018,11,0,12,2,138,Outlet,Retail.Store,None,1662,0,0,0,0,0,0,0,0,0,0,0,0,1279,3000,8,3000,0,0,3000,0,0,0,2942,58,0,13,0,0,13,0,1,2.5,FALSE,Normal
145,12/11/2018,2018,11,0,12,2,6,Primary.Store,Retail.Store,Shopping.Mall,19944,0,0,0,0,0,0,0,0,0,3000,2941,2,12403,36000,66,33000,0,0,33000,6000,2,0,32353,647,1,136,0,0,136,0,12,15,FALSE,Normal
146,12/11/2018,2018,11,0,12,2,41,Warehouse,Retail.Store,Shopping.Mall,0,0,0,189490,0,0,0,0,189490,0,0,0,0,0,0,0,0,0,0,0,0,0,0,0,0,0,0,0,114,99,0,0,6.5,FALSE,Normal
147,12/11/2018,2018,11,0,12,2,41,Warehouse,Retail.Store,Shopping.Mall,6648,0,0,0,0,0,0,0,0,0,0,0,0,5114,12000,6,12000,0,0,12000,0,0,0,11765,235,2,99,0,0,99,0,4,2,FALSE,Normal
148,12/11/2018,2018,11,0,12,2,2,Outlet,Retail.Store,Stand.Alone,0,0,0,0,0,0,0,0,0,0,0,0,0,0,0,7,0,0,0,0,6000,2,0,0,0,0,42,0,0,42,0,0,1,FALSE,Normal
149,12/11/2018,2018,11,0,12,2,4,Outlet,Retail.Store,Shopping.Mall,3324,0,0,0,0,0,0,0,0,0,0,0,0,2557,6000,6,6000,0,0,6000,0,0,0,5883,117,0,8,0,0,8,0,2,1.5,FALSE,Normal
150,12/11/2018,2018,11,0,12,2,44,Primary.Store,Retail.Store,Shopping.Mall,8310,0,0,0,0,0,0,0,0,0,0,0,0,6390,15000,15,15000,0,0,15000,0,0,0,14705,295,1,60,0,0,60,0,5,5.5,FALSE,Normal
151,13/11/2018,2018,11,1,13,2,2,Outlet,Retail.Store,Stand.Alone,1662,0,0,0,0,0,0,0,0,0,0,0,0,1278,3000,2,3000,0,0,3000,0,0,0,2941,59,0,42,0,0,42,0,1,0.5,FALSE,Normal
152,13/11/2018,2018,11,1,13,2,41,Warehouse,Retail.Store,Shopping.Mall,8310,0,0,0,0,0,0,0,0,0,0,0,0,6390,15000,34,15000,0,0,15000,0,0,0,14705,295,2,95,0,0,95,0,5,4.5,FALSE,Normal
153,13/11/2018,2018,11,1,13,2,44,Primary.Store,Retail.Store,Shopping.Mall,8310,0,0,0,0,0,0,0,0,0,0,0,0,6393,15000,14,15000,0,0,15000,3000,1,0,14705,295,3,55,0,0,55,0,5,5,FALSE,Normal
154,13/11/2018,2018,11,1,13,2,3,Outlet,Retail.Store,Shopping.Mall,0,0,0,0,0,0,0,0,0,0,0,0,0,0,0,2,0,0,0,0,3000,1,0,0,0,1,27,0,0,27,0,0,3,FALSE,Normal
155,13/11/2018,2018,11,1,13,2,5,Outlet,Retail.Store,Stand.Alone,1662,0,0,0,0,0,0,0,0,0,0,0,0,1278,3000,9,3000,0,0,3000,3000,1,0,2941,59,0,30,0,0,30,0,1,2,FALSE,Normal
156,13/11/2018,2018,11,1,13,2,6,Primary.Store,Retail.Store,Shopping.Mall,16621,0,0,0,0,0,0,0,0,0,0,0,0,12787,30000,33,30000,0,0,30000,0,0,0,29412,588,2,124,0,0,124,0,10,11,FALSE,Normal
157,13/11/2018,2018,11,1,13,2,42,Outlet,Retail.Store,Shopping.Mall,1662,0,0,0,0,0,0,0,0,0,600,588,1,691,3000,11,2400,0,0,2400,3000,1,0,2354,46,0,19,0,0,19,0,1,0.5,FALSE,Normal
158,14/11/2018,2018,11,2,14,2,42,Outlet,Retail.Store,Shopping.Mall,1662,0,0,0,0,0,0,0,0,0,0,0,0,1279,3000,2,3000,0,0,3000,0,0,0,2942,58,0,18,0,0,18,0,1,0.5,FALSE,Normal
159,14/11/2018,2018,11,2,14,2,3,Outlet,Retail.Store,Shopping.Mall,6648,0,0,0,0,0,0,0,0,0,0,0,0,5114,12000,6,12000,0,0,12000,0,0,0,11764,236,2,27,0,0,27,0,4,2,FALSE,Normal
160,14/11/2018,2018,11,2,14,2,42,Outlet,Retail.Store,Shopping.Mall,0,0,0,0,0,0,0,1662,0,0,0,0,0,0,0,0,0,0,1,0,0,0,0,0,0,0,18,0,0,18,0,0,0.5,FALSE,Normal
161,14/11/2018,2018,11,2,14,2,2,Outlet,Retail.Store,Stand.Alone,3324,0,0,0,0,0,0,0,0,0,1500,1470,1,1086,6000,5,4500,0,0,4500,0,0,0,4411,89,0,41,0,0,41,0,2,1.5,FALSE,Normal
162,14/11/2018,2018,11,2,14,2,44,Primary.Store,Retail.Store,Shopping.Mall,6648,0,0,0,0,0,0,0,0,0,0,0,0,5115,12000,7,12000,0,0,12000,0,0,0,11765,235,2,50,0,0,50,0,4,4.5,FALSE,Normal
163,14/11/2018,2018,11,2,14,2,6,Primary.Store,Retail.Store,Shopping.Mall,19944,0,0,0,0,0,0,0,0,0,0,0,0,15342,36000,76,36000,0,0,36000,3000,1,0,35293,707,0,114,0,0,114,0,12,11,FALSE,Normal
164,14/11/2018,2018,11,2,14,2,41,Warehouse,Retail.Store,Shopping.Mall,9972,0,0,0,0,0,0,0,0,0,0,0,0,7670,18000,12,18000,0,0,18000,0,0,0,17646,354,3,90,0,0,90,0,6,5.5,FALSE,Normal
165,14/11/2018,2018,11,2,14,2,138,Outlet,Retail.Store,None,3324,0,0,0,0,0,0,0,0,0,0,0,0,2556,6000,4,6000,0,0,6000,3000,1,0,5882,118,3,12,0,0,12,0,2,1.5,FALSE,Normal
166,15/11/2018,2018,11,3,15,3,4,Outlet,Retail.Store,Shopping.Mall,1662,0,0,0,0,0,0,0,0,0,0,0,0,1278,3000,2,3000,0,0,3000,3000,1,0,2941,59,0,6,0,0,6,0,1,0.5,FALSE,Normal
167,15/11/2018,2018,11,3,15,3,3,Outlet,Retail.Store,Shopping.Mall,3324,0,0,0,0,0,0,0,0,0,0,0,0,2556,6000,4,6000,0,0,6000,0,0,0,5882,118,1,23,0,0,23,0,2,3,FALSE,Normal
168,15/11/2018,2018,11,3,15,3,41,Warehouse,Retail.Store,Shopping.Mall,3324,0,0,0,0,0,0,0,0,0,0,0,0,2556,6000,4,6000,0,0,6000,0,0,0,5882,118,1,84,0,0,84,0,2,4,FALSE,Normal
169,15/11/2018,2018,11,3,15,3,42,Outlet,Retail.Store,Shopping.Mall,1662,0,0,0,0,0,0,0,0,0,0,0,0,1278,3000,2,3000,0,0,3000,3000,1,0,2941,59,0,17,0,0,17,0,1,0,FALSE,Normal
170,15/11/2018,2018,11,3,15,3,2,Outlet,Retail.Store,Stand.Alone,4986,0,0,0,0,0,0,0,0,0,0,0,0,3834,9000,6,9000,0,0,9000,0,0,0,8823,177,1,39,0,0,39,0,3,2.5,FALSE,Normal
171,15/11/2018,2018,11,3,15,3,44,Primary.Store,Retail.Store,Shopping.Mall,16620,0,0,0,0,0,0,0,0,0,1500,1471,1,11315,30000,36,28500,0,0,28500,0,0,0,27941,559,4,46,0,0,46,0,10,7,FALSE,Normal
172,15/11/2018,2018,11,3,15,3,6,Primary.Store,Retail.Store,Shopping.Mall,6648,0,0,0,0,0,0,0,0,0,0,0,0,5115,12000,17,12000,0,0,12000,0,0,0,11766,234,1,102,0,0,102,0,4,8,FALSE,Normal
173,15/11/2018,2018,11,3,15,3,5,Outlet,Retail.Store,Stand.Alone,1662,0,0,0,0,0,0,0,0,0,0,0,0,1278,3000,3,3000,0,0,3000,3000,1,0,2941,59,0,29,0,0,29,0,1,0,FALSE,Normal
174,16/11/2018,2018,11,4,16,3,41,Warehouse,Retail.Store,Shopping.Mall,8310,0,0,0,0,0,0,0,0,0,0,0,0,6391,15000,17,15000,0,0,15000,0,0,0,14705,295,1,82,0,0,82,0,5,3.5,FALSE,Normal
175,16/11/2018,2018,11,4,16,3,44,Primary.Store,Retail.Store,Shopping.Mall,13296,0,0,0,0,0,0,0,0,0,0,0,0,10227,24000,38,24000,0,0,24000,0,0,0,23529,471,2,36,0,0,36,0,8,9,FALSE,Normal
176,16/11/2018,2018,11,4,16,3,2,Outlet,Retail.Store,Stand.Alone,4986,0,0,0,0,0,0,0,0,0,0,0,0,3834,9000,5,9000,0,0,9000,0,0,0,8823,177,2,36,0,0,36,0,3,3,FALSE,Normal
177,16/11/2018,2018,11,4,16,3,3,Outlet,Retail.Store,Shopping.Mall,1662,0,0,0,0,0,0,0,0,0,0,0,0,1278,3000,2,3000,0,0,3000,0,0,0,2941,59,0,21,0,0,21,0,1,1.5,FALSE,Normal
178,16/11/2018,2018,11,4,16,3,138,Outlet,Retail.Store,None,1662,0,0,0,0,0,0,0,0,0,0,0,0,1278,3000,7,3000,0,0,3000,0,0,0,2941,59,0,10,0,0,10,0,1,1.5,FALSE,Normal
179,16/11/2018,2018,11,4,16,3,6,Primary.Store,Retail.Store,Shopping.Mall,9972,0,0,0,0,0,0,0,0,0,0,0,0,7669,18000,18,18000,0,0,18000,3000,1,0,17646,354,1,98,0,0,98,0,6,5,FALSE,Normal
180,17/11/2018,2018,11,5,17,3,2,Outlet,Retail.Store,Stand.Alone,1662,0,0,0,0,0,0,0,0,0,0,0,0,1278,3000,2,3000,0,0,3000,0,0,0,2941,59,0,33,0,0,33,0,1,2,FALSE,Normal
181,17/11/2018,2018,11,5,17,3,5,Outlet,Retail.Store,Stand.Alone,9972,0,0,0,0,0,0,0,0,0,0,0,0,7670,18000,17,18000,0,0,18000,0,0,0,17647,353,2,30,0,0,30,0,6,2.5,FALSE,Normal
182,17/11/2018,2018,11,5,17,3,41,Warehouse,Retail.Store,Shopping.Mall,13296,0,0,0,0,0,0,0,0,0,0,0,0,10228,24000,22,24000,0,0,24000,0,0,0,23529,471,2,77,0,0,77,0,8,6.5,FALSE,Normal
183,17/11/2018,2018,11,5,17,3,44,Primary.Store,Retail.Store,Shopping.Mall,1662,0,0,0,0,0,0,0,0,0,0,0,0,1278,3000,27,3000,0,0,3000,6000,2,0,2941,59,0,28,0,0,28,0,1,4.5,FALSE,Normal
184,17/11/2018,2018,11,5,17,3,43,NOS,Retail.Store,Shopping.Mall,4986,0,0,0,0,0,0,0,0,0,0,0,0,3834,9000,4,9000,0,0,9000,0,0,0,8823,177,2,13,0,0,13,0,3,2,FALSE,Normal
185,17/11/2018,2018,11,5,17,3,138,Outlet,Retail.Store,None,1662,0,0,0,0,0,0,0,0,0,0,0,0,1278,3000,1,3000,0,0,3000,0,0,0,2941,59,1,9,0,0,9,0,1,1,FALSE,Normal
186,17/11/2018,2018,11,5,17,3,3,Outlet,Retail.Store,Shopping.Mall,1662,0,0,0,0,0,0,0,0,0,0,0,0,1278,3000,2,3000,0,0,3000,0,0,0,2941,59,0,20,0,0,20,0,1,1,FALSE,Normal
187,17/11/2018,2018,11,5,17,3,6,Primary.Store,Retail.Store,Shopping.Mall,8310,0,0,0,0,0,0,0,0,0,0,0,0,6390,15000,40,15000,0,0,15000,0,0,0,14705,295,1,92,0,0,92,0,5,5.5,FALSE,Normal
188,18/11/2018,2018,11,6,18,3,44,Primary.Store,Retail.Store,Shopping.Mall,14959,0,0,0,0,0,0,0,0,0,0,0,0,11506,27000,30,27000,0,0,27000,6000,2,0,26469,531,5,27,0,0,27,0,9,5,FALSE,Normal
189,18/11/2018,2018,11,6,18,3,138,Outlet,Retail.Store,None,3324,0,0,0,0,0,0,0,0,0,0,0,0,2556,6000,11,6000,0,0,6000,0,0,0,5882,118,1,8,0,0,8,0,2,1.5,FALSE,Normal
190,18/11/2018,2018,11,6,18,3,41,Warehouse,Retail.Store,Shopping.Mall,4986,0,0,0,0,0,0,0,0,0,0,0,0,3834,9000,16,9000,0,0,9000,0,0,0,8823,177,0,69,0,0,69,0,3,5.5,FALSE,Normal
191,18/11/2018,2018,11,6,18,3,42,Outlet,Retail.Store,Shopping.Mall,1662,0,0,0,0,0,0,0,0,0,0,0,0,1278,3000,11,3000,0,0,3000,0,0,0,2941,59,0,18,0,0,18,0,1,0,FALSE,Normal
192,18/11/2018,2018,11,6,18,3,4,Outlet,Retail.Store,Shopping.Mall,3324,0,0,0,0,0,0,0,0,0,0,0,0,2556,6000,3,6000,0,0,6000,0,0,0,5882,118,1,7,0,0,7,0,2,0.5,FALSE,Normal
193,18/11/2018,2018,11,6,18,3,5,Outlet,Retail.Store,Stand.Alone,1662,0,0,0,0,0,0,0,0,0,0,0,0,1278,3000,9,3000,0,0,3000,0,0,0,2941,59,0,24,0,0,24,0,1,3.5,FALSE,Normal
194,18/11/2018,2018,11,6,18,3,6,Primary.Store,Retail.Store,Shopping.Mall,13296,0,0,0,0,0,0,0,0,0,1500,1470,1,8757,24000,59,22500,0,0,22500,9000,3,0,22058,442,1,87,0,0,87,0,8,6.5,FALSE,Normal
195,18/11/2018,2018,11,6,18,3,3,Outlet,Retail.Store,Shopping.Mall,1662,0,0,0,0,0,0,0,0,0,1500,1471,1,191,3000,3,1500,0,0,1500,0,0,0,1471,29,0,19,0,0,19,0,1,1,FALSE,Normal
196,18/11/2018,2018,11,6,18,3,2,Outlet,Retail.Store,Stand.Alone,1662,0,0,0,0,0,0,0,0,0,0,0,0,1278,3000,5,3000,0,0,3000,3000,1,0,2941,59,1,32,0,0,32,0,1,1,FALSE,Normal
197,19/11/2018,2018,11,0,19,3,44,Primary.Store,Retail.Store,Shopping.Mall,1662,0,0,0,0,0,0,0,0,0,0,0,0,1278,3000,16,3000,0,0,3000,6000,2,0,2941,59,1,18,0,0,18,0,1,5,FALSE,Normal
199,19/11/2018,2018,11,0,19,3,2,Outlet,Retail.Store,Stand.Alone,4986,0,0,0,0,0,0,0,0,0,0,0,0,3834,9000,6,9000,0,0,9000,0,0,0,8823,177,1,31,0,0,31,0,3,2,FALSE,Normal
200,19/11/2018,2018,11,0,19,3,6,Primary.Store,Retail.Store,Shopping.Mall,11634,0,0,0,0,0,0,0,0,0,0,0,0,8950,21000,24,21000,0,0,21000,3000,1,0,20588,412,1,79,0,0,79,0,7,7.5,FALSE,Normal
201,19/11/2018,2018,11,0,19,3,3,Outlet,Retail.Store,Shopping.Mall,1662,0,0,0,0,0,0,0,0,0,0,0,0,1278,3000,1,3000,0,0,3000,0,0,0,2941,59,1,18,0,0,18,0,1,1,FALSE,Normal
202,19/11/2018,2018,11,0,19,3,5,Outlet,Retail.Store,Stand.Alone,3324,0,0,0,0,0,0,0,0,0,0,0,0,2555,6000,12,6000,0,0,6000,6000,2,0,5881,119,2,23,0,0,23,0,2,1.5,FALSE,Normal
203,19/11/2018,2018,11,0,19,3,41,Warehouse,Retail.Store,Shopping.Mall,6648,0,0,0,0,0,0,0,0,0,0,0,0,5114,12000,5,12000,0,0,12000,0,0,0,11764,236,3,66,0,0,66,0,4,3.5,FALSE,Normal
204,19/11/2018,2018,11,0,19,3,42,Outlet,Retail.Store,Shopping.Mall,1662,0,0,0,0,0,0,0,0,0,0,0,0,1278,3000,1,3000,0,0,3000,0,0,0,2941,59,1,17,0,0,17,0,1,1,FALSE,Normal
205,19/11/2018,2018,11,0,19,3,138,Outlet,Retail.Store,None,1662,0,0,0,0,0,0,0,0,0,0,0,0,1278,3000,2,3000,0,0,3000,0,0,0,2941,59,0,6,0,0,6,0,1,1.5,FALSE,Normal
206,20/11/2018,2018,11,1,20,3,6,Primary.Store,Retail.Store,Shopping.Mall,13296,0,0,0,0,0,0,0,0,0,0,0,0,10226,24000,34,24000,0,0,24000,0,0,0,23528,472,1,72,0,0,72,0,8,7.5,FALSE,Normal
207,20/11/2018,2018,11,1,20,3,138,Outlet,Retail.Store,None,1662,0,0,0,0,0,0,0,0,0,0,0,0,1278,3000,1,3000,0,0,3000,0,0,0,2941,59,1,5,0,0,5,0,1,1,FALSE,Normal
208,20/11/2018,2018,11,1,20,3,5,Outlet,Retail.Store,Stand.Alone,1662,0,0,0,0,0,0,0,0,0,0,0,0,1278,3000,1,3000,0,0,3000,0,0,0,2941,59,1,21,0,0,21,0,1,1.5,FALSE,Normal
209,20/11/2018,2018,11,1,20,3,2,Outlet,Retail.Store,Stand.Alone,1662,0,0,0,0,0,0,0,0,0,0,0,0,1278,3000,1,3000,0,0,3000,0,0,0,2941,59,1,28,0,0,28,0,1,2,FALSE,Normal
210,20/11/2018,2018,11,1,20,3,3,Outlet,Retail.Store,Shopping.Mall,1662,0,0,0,0,0,0,0,0,0,0,0,0,1278,3000,2,3000,0,0,3000,3000,1,0,2941,59,0,17,0,0,17,0,1,0,FALSE,Normal
211,20/11/2018,2018,11,1,20,3,44,Primary.Store,Retail.Store,Shopping.Mall,6648,0,0,0,0,0,0,0,0,0,0,0,0,5112,12000,23,12000,0,0,12000,0,0,0,11764,236,0,17,0,0,17,0,4,2.5,FALSE,Normal
212,20/11/2018,2018,11,1,20,3,42,Outlet,Retail.Store,Shopping.Mall,3324,0,0,0,0,0,0,0,0,0,0,0,0,2556,6000,3,6000,0,0,6000,0,0,0,5882,118,1,16,0,0,16,0,2,1.5,FALSE,Normal
213,21/11/2018,2018,11,2,21,3,6,Primary.Store,Retail.Store,Shopping.Mall,8310,0,0,0,0,0,0,0,0,0,0,0,0,6391,15000,26,15000,0,0,15000,3000,1,0,14705,295,1,64,0,0,64,0,5,6.5,FALSE,Normal
214,21/11/2018,2018,11,2,21,3,42,Outlet,Retail.Store,Shopping.Mall,1662,0,0,0,0,0,0,0,0,0,0,0,0,1278,3000,2,3000,0,0,3000,3000,1,0,2941,59,0,14,0,0,14,0,1,0.5,FALSE,Normal
215,21/11/2018,2018,11,2,21,3,44,Primary.Store,Retail.Store,Shopping.Mall,3324,0,0,0,0,0,0,0,0,0,0,0,0,2556,6000,8,6000,0,0,6000,0,0,0,5882,118,0,13,0,0,13,0,2,3,FALSE,Normal
216,22/11/2018,2018,11,3,22,4,2,Outlet,Retail.Store,Stand.Alone,1662,0,0,0,0,0,0,0,0,0,0,0,0,1278,3000,2,3000,0,0,3000,3000,1,0,2941,59,0,27,0,0,27,0,1,0,FALSE,Normal
217,22/11/2018,2018,11,3,22,4,3,Outlet,Retail.Store,Shopping.Mall,1662,0,0,0,0,0,0,0,0,0,0,0,0,1278,3000,2,3000,0,0,3000,0,0,0,2941,59,0,18,0,0,18,0,1,0,FALSE,Normal
218,22/11/2018,2018,11,3,22,4,44,Primary.Store,Retail.Store,Shopping.Mall,1662,0,0,0,0,0,0,0,0,0,0,0,0,1278,3000,1,3000,0,0,3000,0,0,0,2941,59,1,11,0,0,11,0,1,1.5,FALSE,Normal
219,22/11/2018,2018,11,3,22,4,42,Outlet,Retail.Store,Shopping.Mall,3324,0,0,0,0,0,0,0,0,0,0,0,0,2556,6000,6,6000,0,0,6000,0,0,0,5882,118,0,15,0,0,15,0,2,0.5,FALSE,Normal
220,22/11/2018,2018,11,3,22,4,5,Outlet,Retail.Store,Stand.Alone,1662,0,0,0,0,0,0,0,0,0,0,0,0,1278,3000,5,3000,0,0,3000,3000,1,0,2941,59,0,20,0,0,20,0,1,0,FALSE,Normal
221,22/11/2018,2018,11,3,22,4,6,Primary.Store,Retail.Store,Shopping.Mall,4986,0,0,0,0,0,0,0,0,0,600,588,1,3246,9000,8,8400,0,0,8400,0,0,0,8235,165,0,59,0,0,59,0,3,4,FALSE,Normal
222,23/11/2018,2018,11,4,23,4,42,Outlet,Retail.Store,Shopping.Mall,4986,0,0,0,0,0,0,0,0,0,0,0,0,3834,9000,7,9000,0,0,9000,0,0,0,8823,177,1,13,0,0,13,0,3,2.5,FALSE,Normal
223,23/11/2018,2018,11,4,23,4,5,Outlet,Retail.Store,Stand.Alone,3324,0,0,0,0,0,0,0,0,0,0,0,0,2556,6000,4,6000,0,0,6000,0,0,0,5882,118,1,21,0,0,21,0,2,0.5,FALSE,Normal
224,23/11/2018,2018,11,4,23,4,44,Primary.Store,Retail.Store,Shopping.Mall,0,0,0,0,0,0,0,0,0,0,0,0,0,0,0,3,0,0,0,0,3000,1,0,0,0,0,10,0,0,10,0,0,0.5,FALSE,Normal
225,23/11/2018,2018,11,4,23,4,3,Outlet,Retail.Store,Shopping.Mall,1662,0,0,0,0,0,0,0,0,0,0,0,0,1278,3000,5,3000,0,0,3000,6000,2,0,2941,59,1,17,0,0,17,0,1,0,FALSE,Normal
226,23/11/2018,2018,11,4,23,4,6,Primary.Store,Retail.Store,Shopping.Mall,14958,0,0,0,0,0,0,0,0,0,0,0,0,11507,27000,58,27000,0,0,27000,6000,2,0,26470,530,1,56,0,0,56,0,9,6,FALSE,Normal
227,23/11/2018,2018,11,4,23,4,2,Outlet,Retail.Store,Stand.Alone,6648,0,0,0,0,0,0,0,0,0,0,0,0,5113,12000,12,12000,0,0,12000,3000,1,0,11764,236,1,28,0,0,28,0,4,1.5,FALSE,Normal
228,23/11/2018,2018,11,4,23,4,41,Warehouse,Retail.Store,Shopping.Mall,6648,0,0,0,0,0,0,0,0,0,0,0,0,5114,12000,6,12000,0,0,12000,0,0,0,11764,236,2,62,0,0,62,0,4,4,FALSE,Normal
229,24/11/2018,2018,11,5,24,4,44,Primary.Store,Retail.Store,Shopping.Mall,1662,0,0,0,0,0,0,0,0,0,0,0,0,1278,3000,4,3000,0,0,3000,3000,1,0,2941,59,0,10,0,0,10,0,1,0.5,FALSE,Normal
230,24/11/2018,2018,11,5,24,4,6,Primary.Store,Retail.Store,Shopping.Mall,11634,0,0,0,0,0,0,0,0,0,600,588,1,8361,21000,33,20400,0,0,20400,6000,2,0,19999,401,1,47,0,0,47,0,7,8,FALSE,Normal
231,24/11/2018,2018,11,5,24,4,2,Outlet,Retail.Store,Stand.Alone,1662,0,0,0,0,0,0,0,0,0,0,0,0,1278,3000,1,3000,0,0,3000,0,0,0,2941,59,1,24,0,0,24,0,1,2.5,FALSE,Normal
232,24/11/2018,2018,11,5,24,4,5,Outlet,Retail.Store,Stand.Alone,1662,0,0,0,0,0,0,0,0,0,600,588,1,690,3000,4,2400,0,0,2400,3000,1,0,2353,47,1,19,0,0,19,0,1,1.5,FALSE,Normal
233,24/11/2018,2018,11,5,24,4,3,Outlet,Retail.Store,Shopping.Mall,6648,0,0,0,0,0,0,0,0,0,0,0,0,5112,12000,10,12000,0,0,12000,0,0,0,11764,236,0,18,0,0,18,0,4,1.5,FALSE,Normal
234,24/11/2018,2018,11,5,24,4,41,Warehouse,Retail.Store,Shopping.Mall,4986,0,0,0,0,0,0,0,0,0,0,0,0,3834,9000,4,9000,0,0,9000,0,0,0,8823,177,2,58,0,0,58,0,3,3.5,FALSE,Normal
236,25/11/2018,2018,11,6,25,4,5,Outlet,Retail.Store,Stand.Alone,4986,0,0,0,0,0,0,0,0,0,1500,1471,1,2366,9000,15,7500,0,0,7500,3000,1,0,7353,147,0,18,0,0,18,0,3,2,FALSE,Normal
237,25/11/2018,2018,11,6,25,4,3,Outlet,Retail.Store,Shopping.Mall,3324,0,0,0,0,0,0,0,0,0,0,0,0,2556,6000,8,6000,0,0,6000,0,0,0,5882,118,0,14,0,0,14,0,2,3,FALSE,Normal
238,25/11/2018,2018,11,6,25,4,43,NOS,Retail.Store,Shopping.Mall,1662,0,0,0,0,0,0,0,0,0,0,0,0,1278,3000,1,3000,0,0,3000,0,0,0,2941,59,1,10,0,0,10,0,1,2,FALSE,Normal
239,25/11/2018,2018,11,6,25,4,44,Primary.Store,Retail.Store,Shopping.Mall,3324,0,0,0,0,0,0,0,0,0,0,0,0,2556,6000,6,6000,0,0,6000,3000,1,0,5882,118,2,11,0,0,11,0,2,0.5,FALSE,Normal
240,25/11/2018,2018,11,6,25,4,41,Warehouse,Retail.Store,Shopping.Mall,3324,0,0,0,0,0,0,0,0,0,0,0,0,2556,6000,6,6000,0,0,6000,0,0,0,5882,118,1,55,0,0,55,0,2,2.5,FALSE,Normal
241,25/11/2018,2018,11,6,25,4,6,Primary.Store,Retail.Store,Shopping.Mall,1662,0,0,0,0,0,0,0,0,0,0,0,0,1278,3000,12,3000,0,0,3000,6000,2,0,2941,59,1,40,0,0,40,0,1,4,FALSE,Normal
242,25/11/2018,2018,11,6,25,4,2,Outlet,Retail.Store,Stand.Alone,3324,0,0,0,0,0,0,0,0,0,0,0,0,2556,6000,8,6000,0,0,6000,0,0,0,5882,118,0,23,0,0,23,0,2,1.5,FALSE,Normal
243,26/11/2018,2018,11,0,26,4,6,Primary.Store,Retail.Store,Shopping.Mall,0,0,0,0,0,0,0,0,0,0,0,0,0,0,0,12,0,0,0,0,6000,2,0,0,0,0,39,0,0,39,0,0,0.5,FALSE,Normal
244,26/11/2018,2018,11,0,26,4,5,Outlet,Retail.Store,Stand.Alone,1662,0,0,0,0,0,0,0,0,0,0,0,0,1278,3000,2,3000,0,0,3000,3000,1,0,2941,59,0,15,0,0,15,0,1,1,FALSE,Normal
246,26/11/2018,2018,11,0,26,4,2,Outlet,Retail.Store,Stand.Alone,4986,0,0,0,0,0,0,0,0,0,0,0,0,3834,9000,17,9000,0,0,9000,3000,1,0,8823,177,1,21,0,0,21,0,3,2.5,FALSE,Normal
247,26/11/2018,2018,11,0,26,4,44,Primary.Store,Retail.Store,Shopping.Mall,1662,0,0,0,0,0,0,0,0,0,0,0,0,1278,3000,4,3000,0,0,3000,0,0,0,2941,59,0,9,0,0,9,0,1,1.5,FALSE,Normal
248,27/11/2018,2018,11,1,27,4,5,Outlet,Retail.Store,Stand.Alone,3324,0,0,0,0,0,0,0,0,0,0,0,0,2556,6000,5,6000,0,0,6000,0,0,0,5882,118,0,16,0,0,16,0,2,0.5,FALSE,Normal
249,27/11/2018,2018,11,1,27,4,138,Outlet,Retail.Store,None,0,0,0,3324,0,0,0,0,0,3324,0,0,0,0,0,0,0,0,0,0,0,0,0,0,0,0,4,0,0,4,2,0,0.5,FALSE,Normal
250,27/11/2018,2018,11,1,27,4,137,Outlet,In.Transit,None,0,0,0,0,0,0,0,0,3324,0,0,0,0,0,0,0,0,0,0,0,0,0,0,0,0,0,0,0,2,2,0,0,0,FALSE,Normal
252,27/11/2018,2018,11,1,27,4,6,Primary.Store,Retail.Store,Shopping.Mall,3324,0,0,0,0,0,0,0,0,0,0,0,0,2557,6000,19,6000,0,0,6000,6000,2,0,5882,118,0,39,0,0,39,0,2,1,FALSE,Normal
253,27/11/2018,2018,11,1,27,4,42,Outlet,Retail.Store,Shopping.Mall,3324,0,0,0,0,0,0,0,0,0,0,0,0,2556,6000,6,6000,0,0,6000,6000,2,0,5882,118,0,2,0,0,2,0,2,0.5,TRUE,Normal
254,27/11/2018,2018,11,1,27,4,116,Outlet,In.Transit,None,0,0,0,0,0,0,0,0,3324,0,0,0,0,0,0,0,0,0,0,0,0,0,0,0,0,0,0,0,2,2,0,0,0,FALSE,Normal
255,27/11/2018,2018,11,1,27,4,2,Outlet,Retail.Store,Stand.Alone,4986,0,0,0,0,0,0,0,0,0,0,0,0,3835,9000,90,9000,0,0,9000,0,0,0,8824,176,0,18,0,0,18,0,3,3,FALSE,Normal
256,28/11/2018,2018,11,2,28,4,44,Primary.Store,Retail.Store,Shopping.Mall,1662,0,0,0,0,0,0,0,0,0,0,0,0,1278,3000,2,3000,0,0,3000,3000,1,0,2941,59,0,8,0,0,8,0,1,0,FALSE,Normal
257,28/11/2018,2018,11,2,28,4,138,Outlet,Retail.Store,None,1662,0,0,0,0,0,0,0,0,0,0,0,0,1278,3000,4,3000,0,0,3000,3000,1,0,2941,59,0,2,0,0,2,0,1,0.5,FALSE,Normal
258,28/11/2018,2018,11,2,28,4,6,Primary.Store,Retail.Store,Shopping.Mall,4986,0,0,0,0,0,0,0,0,0,0,0,0,3834,9000,19,9000,0,0,9000,0,0,0,8823,177,1,37,0,0,37,0,3,2.5,FALSE,Normal
259,28/11/2018,2018,11,2,28,4,41,Warehouse,Retail.Store,Shopping.Mall,3324,0,0,0,0,0,0,0,0,0,0,0,0,2557,6000,19,6000,0,0,6000,0,0,0,5883,117,0,53,0,0,53,0,2,2,FALSE,Normal
260,28/11/2018,2018,11,2,28,4,2,Outlet,Retail.Store,Stand.Alone,1662,0,0,0,0,0,0,0,0,0,0,0,0,1278,3000,1,3000,0,0,3000,0,0,0,2941,59,1,15,0,0,15,0,1,2,FALSE,Normal
261,28/11/2018,2018,11,2,28,4,42,Outlet,Retail.Store,Shopping.Mall,1662,0,0,0,0,0,0,0,0,0,0,0,0,1278,3000,3,3000,0,0,3000,0,0,0,2941,59,0,4,0,0,4,0,1,0.5,FALSE,Normal
262,28/11/2018,2018,11,2,28,4,5,Outlet,Retail.Store,Stand.Alone,1662,0,0,0,0,0,0,0,0,0,0,0,0,1278,3000,2,3000,0,0,3000,3000,1,0,2941,59,0,14,0,0,14,0,1,0.5,FALSE,Normal
263,29/11/2018,2018,11,3,29,5,6,Primary.Store,Retail.Store,Shopping.Mall,3324,0,0,0,0,0,0,0,0,0,0,0,0,2556,6000,14,6000,0,0,6000,6000,2,0,5881,119,2,34,0,0,34,0,2,2.5,FALSE,Normal
264,29/11/2018,2018,11,3,29,5,2,Outlet,Retail.Store,Stand.Alone,1662,0,0,0,0,0,0,0,0,0,0,0,0,1278,3000,3,3000,0,0,3000,3000,1,0,2941,59,2,14,0,0,14,0,1,1,FALSE,Normal
265,29/11/2018,2018,11,3,29,5,44,Primary.Store,Retail.Store,Shopping.Mall,1662,0,0,0,0,0,0,0,0,0,0,0,0,1278,3000,3,3000,0,0,3000,3000,1,0,2941,59,0,9,0,0,9,0,1,1,FALSE,Normal
266,29/11/2018,2018,11,3,29,5,5,Outlet,Retail.Store,Stand.Alone,3324,0,0,0,0,0,0,0,0,0,0,0,0,2556,6000,4,6000,0,0,6000,0,0,0,5882,118,0,15,0,0,15,0,2,0.5,FALSE,Normal
267,29/11/2018,2018,11,3,29,5,43,NOS,Retail.Store,Shopping.Mall,1662,0,0,0,0,0,0,0,0,0,0,0,0,1278,3000,1,3000,0,0,3000,0,0,0,2941,59,1,9,0,0,9,0,1,1,FALSE,Normal
268,30/11/2018,2018,11,4,30,5,124,Outlet,In.Transit,None,0,0,0,0,0,0,0,0,16622,0,0,0,0,0,0,0,0,0,0,0,0,0,0,0,0,0,0,0,10,10,0,0,0,FALSE,Normal
269,30/11/2018,2018,11,4,30,5,6,Primary.Store,Retail.Store,Shopping.Mall,1662,0,0,0,0,0,0,0,0,0,0,0,0,1279,3000,2,3000,0,0,3000,3000,1,0,2942,58,0,32,0,0,32,0,1,0.5,FALSE,Normal
270,30/11/2018,2018,11,4,30,5,2,Outlet,Retail.Store,Stand.Alone,1662,0,0,0,0,0,0,0,0,0,0,0,0,1279,3000,1,3000,0,0,3000,3000,1,0,2942,58,0,13,0,0,13,0,1,0,FALSE,Normal
271,30/11/2018,2018,11,4,30,5,5,Outlet,Retail.Store,Stand.Alone,3324,0,0,0,0,0,0,0,0,0,0,0,0,2558,6000,24,6000,0,0,6000,0,0,0,5884,116,0,13,0,0,13,0,2,2,FALSE,Normal
272,30/11/2018,2018,11,4,30,5,44,Primary.Store,Retail.Store,Shopping.Mall,4986,0,0,0,0,0,0,0,0,0,0,0,0,3835,9000,10,9000,0,0,9000,0,0,0,8824,176,0,10,0,0,10,0,3,1,FALSE,Normal
273,30/11/2018,2018,11,4,30,5,3,Outlet,Retail.Store,Shopping.Mall,0,0,0,16622,0,0,0,0,0,16622,0,0,0,0,0,0,0,0,0,0,0,0,0,0,0,0,12,0,0,12,10,0,1,FALSE,Normal
274,30/11/2018,2018,11,4,30,5,43,NOS,Retail.Store,Shopping.Mall,1662,0,0,0,0,0,0,0,0,0,0,0,0,1278,3000,2,3000,0,0,3000,0,0,0,2941,59,0,8,0,0,8,0,1,1,FALSE,Normal
275,01/12/2018,2018,12,5,1,1,41,Warehouse,Retail.Store,Shopping.Mall,4986,0,0,0,0,0,0,0,0,0,0,0,0,3834,9000,10,9000,0,0,9000,0,0,0,8823,177,0,51,0,0,51,0,3,2.5,FALSE,Normal
276,01/12/2018,2018,12,5,1,1,2,Outlet,Retail.Store,Stand.Alone,3324,0,0,0,0,0,0,0,0,0,0,0,0,2556,6000,19,6000,0,0,6000,3000,1,0,5882,118,1,14,0,0,14,0,2,0.5,FALSE,Normal
277,01/12/2018,2018,12,5,1,1,6,Primary.Store,Retail.Store,Shopping.Mall,4986,0,0,0,0,0,0,0,0,0,0,0,0,3835,9000,26,9000,0,0,9000,3000,1,0,8824,176,0,33,0,0,33,0,3,1,FALSE,Normal
278,01/12/2018,2018,12,5,1,1,42,Outlet,Retail.Store,Shopping.Mall,3324,0,0,0,0,0,0,0,0,0,0,0,0,2556,6000,8,6000,0,0,6000,6000,2,0,5882,118,0,3,0,0,3,0,2,0.5,FALSE,Normal
280,02/12/2018,2018,12,6,2,1,44,Primary.Store,Retail.Store,Shopping.Mall,1662,0,0,0,0,0,0,0,0,0,0,0,0,1278,3000,1,3000,0,0,3000,3000,1,0,2941,59,0,3,0,0,3,0,1,1.5,FALSE,Normal
281,02/12/2018,2018,12,6,2,1,2,Outlet,Retail.Store,Stand.Alone,3324,0,0,0,0,0,0,0,0,0,0,0,0,2557,6000,9,6000,0,0,6000,0,0,0,5882,118,1,12,0,0,12,0,2,2,FALSE,Normal
282,02/12/2018,2018,12,6,2,1,6,Primary.Store,Retail.Store,Shopping.Mall,4986,0,0,0,0,0,0,0,0,0,0,0,0,3837,9000,20,9000,0,0,9000,6000,2,0,8824,176,1,30,0,0,30,0,3,3,FALSE,Normal
283,02/12/2018,2018,12,6,2,1,135,Primary.Store,In.Transit,None,0,0,0,0,0,0,0,0,41555,0,0,0,0,0,0,0,0,0,0,0,0,0,0,0,0,0,0,0,25,25,0,0,0,FALSE,Normal
284,02/12/2018,2018,12,6,2,1,136,Primary.Store,Retail.Store,Stand.Alone,0,0,0,41555,0,0,0,0,0,41555,0,0,0,0,0,0,0,0,0,0,0,0,0,0,0,0,317,0,0,317,25,0,0,FALSE,Normal
285,02/12/2018,2018,12,6,2,1,41,Warehouse,Retail.Store,Shopping.Mall,3324,0,0,0,0,0,0,0,0,0,0,0,0,2556,6000,5,6000,0,0,6000,0,0,0,5882,118,0,48,0,0,48,0,2,2.5,FALSE,Normal
286,03/12/2018,2018,12,0,3,1,41,Warehouse,Retail.Store,Shopping.Mall,1662,0,0,0,0,0,0,0,0,0,0,0,0,1278,3000,3,3000,0,0,3000,0,0,0,2941,59,0,46,0,0,46,0,1,1.5,FALSE,Normal
287,03/12/2018,2018,12,0,3,1,6,Primary.Store,Retail.Store,Shopping.Mall,0,0,0,0,0,0,0,0,0,0,0,0,0,0,0,3,0,0,0,0,3000,1,0,0,0,0,27,0,0,27,0,0,1.5,FALSE,Normal
288,03/12/2018,2018,12,0,3,1,2,Outlet,Retail.Store,Stand.Alone,1662,0,0,0,0,0,0,0,0,0,0,0,0,1278,3000,2,3000,0,0,3000,0,0,0,2941,59,0,10,0,0,10,0,1,1.5,FALSE,Normal
289,03/12/2018,2018,12,0,3,1,5,Outlet,Retail.Store,Stand.Alone,1662,0,0,0,0,0,0,0,0,0,0,0,0,1278,3000,16,3000,0,0,3000,0,0,0,2941,59,0,11,0,0,11,0,1,1.5,FALSE,Normal
290,04/12/2018,2018,12,1,4,1,6,Primary.Store,Retail.Store,Shopping.Mall,1662,0,0,0,0,0,0,0,0,0,0,0,0,1278,3000,1,3000,0,0,3000,0,0,0,2941,59,1,29,0,0,29,0,1,0.5,FALSE,Normal
291,04/12/2018,2018,12,1,4,1,137,Outlet,In.Transit,None,0,0,0,0,0,0,0,0,0,3324,0,0,0,0,0,0,0,0,0,0,0,0,0,0,0,0,2,0,0,2,2,0,0,FALSE,Normal
292,04/12/2018,2018,12,1,4,1,41,Warehouse,Retail.Store,Shopping.Mall,1662,0,0,0,0,0,0,0,0,0,0,0,0,1278,3000,4,3000,0,0,3000,0,0,0,2941,59,0,45,0,0,45,0,1,1,FALSE,Normal
293,04/12/2018,2018,12,1,4,1,43,NOS,Retail.Store,Shopping.Mall,1662,0,0,0,0,0,0,0,0,0,0,0,0,1278,3000,3,3000,0,0,3000,0,0,0,2941,59,0,7,0,0,7,0,1,1,FALSE,Normal
294,04/12/2018,2018,12,1,4,1,6,Primary.Store,Retail.Store,Shopping.Mall,0,0,0,3324,0,0,0,0,3324,0,0,0,0,0,0,0,0,0,0,0,0,0,0,0,0,0,27,0,2,29,0,0,0,FALSE,Normal
295,04/12/2018,2018,12,1,4,1,2,Outlet,Retail.Store,Stand.Alone,1662,0,0,0,0,0,0,0,0,0,0,0,0,1278,3000,2,3000,0,0,3000,0,0,0,2941,59,0,9,0,0,9,0,1,1,FALSE,Normal
296,05/12/2018,2018,12,2,5,1,41,Warehouse,Retail.Store,Shopping.Mall,1662,0,0,0,0,0,0,0,0,0,0,0,0,1278,3000,1,3000,0,0,3000,0,0,0,2941,59,1,44,0,0,44,0,1,1,FALSE,Normal
297,05/12/2018,2018,12,2,5,1,5,Outlet,Retail.Store,Stand.Alone,1662,0,0,0,0,0,0,0,0,0,0,0,0,1279,3000,2,3000,0,0,3000,0,0,0,2942,58,0,10,0,0,10,0,1,1,FALSE,Normal
298,05/12/2018,2018,12,2,5,1,2,Outlet,Retail.Store,Stand.Alone,1662,0,0,0,0,0,0,0,0,0,0,0,0,1278,3000,1,3000,0,0,3000,3000,1,0,2941,59,0,8,0,0,8,0,1,0,FALSE,Normal
299,05/12/2018,2018,12,2,5,1,6,Primary.Store,Retail.Store,Shopping.Mall,1662,0,0,0,0,0,0,0,0,0,0,0,0,1278,3000,9,3000,0,0,3000,0,0,0,2941,59,0,28,0,0,28,0,1,1,FALSE,Normal
300,06/12/2018,2018,12,3,6,1,6,Primary.Store,Retail.Store,Shopping.Mall,0,0,0,1662,0,0,0,0,1662,0,0,0,0,0,0,0,0,0,0,0,0,0,0,0,0,0,27,0,1,28,0,0,0.5,FALSE,Normal
301,06/12/2018,2018,12,3,6,1,6,Primary.Store,Retail.Store,Shopping.Mall,4986,0,0,0,0,0,0,0,0,0,0,0,0,3834,9000,5,9000,0,0,9000,0,0,0,8823,177,1,28,0,0,28,0,3,1.5,FALSE,Normal
302,06/12/2018,2018,12,3,6,1,41,Warehouse,Retail.Store,Shopping.Mall,1662,0,0,0,0,0,0,0,0,0,0,0,0,1278,3000,2,3000,0,0,3000,0,0,0,2941,59,0,43,0,0,43,0,1,1,FALSE,Normal
303,06/12/2018,2018,12,3,6,1,135,Primary.Store,In.Transit,None,0,0,0,0,0,0,0,0,0,41555,0,0,0,0,0,0,0,0,0,0,0,0,0,0,0,0,25,0,0,25,25,0,0,FALSE,Normal
304,06/12/2018,2018,12,3,6,1,44,Primary.Store,Retail.Store,Shopping.Mall,0,0,0,0,0,0,0,0,0,0,0,0,0,0,0,2,0,0,0,0,3000,1,0,0,0,1,4,0,0,4,0,0,0.5,FALSE,Normal
305,06/12/2018,2018,12,3,6,1,116,Outlet,In.Transit,None,0,0,0,0,0,0,0,0,0,3324,0,0,0,0,0,0,0,0,0,0,0,0,0,0,0,0,2,0,0,2,2,0,0,FALSE,Normal
306,07/12/2018,2018,12,4,7,1,42,Outlet,Retail.Store,Shopping.Mall,1662,0,0,0,0,0,0,0,0,0,600,588,1,690,3000,4,2400,0,0,2400,0,0,0,2353,47,0,5,0,0,5,0,1,0.5,FALSE,Normal
307,07/12/2018,2018,12,4,7,1,6,Primary.Store,Retail.Store,Shopping.Mall,8310,0,0,0,0,0,0,0,0,0,0,0,0,6391,15000,26,15000,0,0,15000,0,0,0,14705,295,0,25,0,0,25,0,5,4,FALSE,Normal
308,07/12/2018,2018,12,4,7,1,41,Warehouse,Retail.Store,Shopping.Mall,1662,0,0,0,0,0,0,0,0,0,0,0,0,1278,3000,3,3000,0,0,3000,0,0,0,2941,59,0,42,0,0,42,0,1,1,FALSE,Normal
309,08/12/2018,2018,12,5,8,2,42,Outlet,Retail.Store,Shopping.Mall,1662,0,0,0,0,0,0,0,0,0,0,0,0,1278,3000,1,3000,0,0,3000,3000,1,0,2941,59,0,4,0,0,4,0,1,0,FALSE,Normal
310,08/12/2018,2018,12,5,8,2,6,Primary.Store,Retail.Store,Shopping.Mall,4986,0,0,0,0,0,0,0,0,0,0,0,0,3835,9000,12,9000,0,0,9000,0,0,0,8823,177,0,20,0,0,20,0,3,4,FALSE,Normal
311,08/12/2018,2018,12,5,8,2,2,Outlet,Retail.Store,Stand.Alone,1662,0,0,0,0,0,0,0,0,0,0,0,0,1278,3000,5,3000,0,0,3000,3000,1,0,2941,59,0,9,0,0,9,0,1,1,FALSE,Normal
312,08/12/2018,2018,12,5,8,2,41,Warehouse,Retail.Store,Shopping.Mall,6648,0,0,0,0,0,0,0,0,0,0,0,0,5114,12000,8,12000,0,0,12000,0,0,0,11764,236,1,41,0,0,41,0,4,2.5,FALSE,Normal
313,09/12/2018,2018,12,6,9,2,135,Primary.Store,In.Transit,None,0,0,0,0,0,0,0,0,66488,0,0,0,0,0,0,0,0,0,0,0,0,0,0,0,0,0,0,0,40,40,0,0,0,FALSE,Normal
314,09/12/2018,2018,12,6,9,2,6,Primary.Store,Retail.Store,Shopping.Mall,3324,0,0,0,0,0,0,0,0,0,0,0,0,2556,6000,5,6000,0,0,6000,0,0,0,5882,118,0,17,0,0,17,0,2,2.5,FALSE,Normal
315,09/12/2018,2018,12,6,9,2,136,Primary.Store,Retail.Store,Stand.Alone,0,0,0,66488,0,0,0,0,0,66488,0,0,0,0,0,0,0,0,0,0,0,0,0,0,0,0,292,0,0,292,40,0,0,FALSE,Normal
316,09/12/2018,2018,12,6,9,2,44,Primary.Store,Retail.Store,Shopping.Mall,1662,0,0,0,0,0,0,0,0,0,0,0,0,1278,3000,2,3000,0,0,3000,3000,1,0,2941,59,0,4,0,0,4,0,1,0.5,FALSE,Normal
317,09/12/2018,2018,12,6,9,2,42,Outlet,Retail.Store,Shopping.Mall,1662,0,0,0,0,0,0,0,0,0,0,0,0,1278,3000,2,3000,0,0,3000,0,0,0,2941,59,0,5,0,0,5,0,1,0,FALSE,Normal
318,09/12/2018,2018,12,6,9,2,5,Outlet,Retail.Store,Stand.Alone,1662,0,0,0,0,0,0,0,0,0,0,0,0,1278,3000,16,3000,0,0,3000,0,0,0,2941,59,0,9,0,0,9,0,1,1,FALSE,Normal
319,11/12/2018,2018,12,1,11,2,41,Warehouse,Retail.Store,Shopping.Mall,1662,0,0,0,0,0,0,0,0,0,0,0,0,1278,3000,7,3000,0,0,3000,0,0,0,2941,59,0,37,0,0,37,0,1,2.5,FALSE,Normal
320,11/12/2018,2018,12,1,11,2,44,Primary.Store,Retail.Store,Shopping.Mall,0,0,0,0,0,0,0,0,0,0,0,0,0,0,0,5,0,0,0,0,3000,1,0,0,0,0,5,0,0,5,0,0,0.5,FALSE,Normal
321,11/12/2018,2018,12,1,11,2,6,Primary.Store,Retail.Store,Shopping.Mall,6648,0,0,0,0,0,0,0,0,0,1500,1470,2,3642,12000,22,10500,0,0,10500,0,0,0,10294,206,0,15,0,0,15,0,4,3,FALSE,Normal
322,11/12/2018,2018,12,1,11,2,42,Outlet,Retail.Store,Shopping.Mall,1662,0,0,0,0,0,0,0,0,0,0,0,0,1278,3000,7,3000,0,0,3000,0,0,0,2941,59,0,4,0,0,4,0,1,1,FALSE,Normal
323,12/12/2018,2018,12,2,12,2,43,NOS,Retail.Store,Shopping.Mall,1662,0,0,0,0,0,0,0,0,0,0,0,0,1278,3000,1,3000,0,0,3000,0,0,0,2941,59,1,6,0,0,6,0,1,1,FALSE,Normal
324,12/12/2018,2018,12,2,12,2,6,Primary.Store,Retail.Store,Shopping.Mall,0,0,0,0,0,0,0,0,0,0,0,0,0,0,0,2,0,0,0,0,3000,1,0,0,0,1,11,0,0,11,0,0,2,FALSE,Normal
325,12/12/2018,2018,12,2,12,2,41,Warehouse,Retail.Store,Shopping.Mall,1662,0,0,0,0,0,0,0,0,0,0,0,0,1278,3000,2,3000,0,0,3000,0,0,0,2941,59,0,36,0,0,36,0,1,1,FALSE,Normal
326,12/12/2018,2018,12,2,12,2,3,Outlet,Retail.Store,Shopping.Mall,1662,0,0,0,0,0,0,0,0,0,0,0,0,1278,3000,1,3000,0,0,3000,0,0,0,2941,59,1,2,0,0,2,0,1,0.5,FALSE,Normal
327,12/12/2018,2018,12,2,12,2,5,Outlet,Retail.Store,Stand.Alone,4986,0,0,0,0,0,0,0,0,0,0,0,0,3836,9000,19,9000,0,0,9000,0,0,0,8824,176,0,8,0,0,8,0,3,2,FALSE,Normal
328,13/12/2018,2018,12,3,13,2,43,NOS,Retail.Store,Shopping.Mall,4986,0,0,0,0,0,0,0,0,0,0,0,0,3835,9000,4,9000,0,0,9000,0,0,0,8823,177,2,5,0,0,5,0,3,2,FALSE,Normal
330,13/12/2018,2018,12,3,13,2,6,Primary.Store,Retail.Store,Shopping.Mall,0,0,0,0,0,0,0,0,0,0,0,0,0,0,0,7,0,0,0,0,6000,2,0,0,0,1,11,0,0,11,0,0,0,FALSE,Normal
331,13/12/2018,2018,12,3,13,2,41,Warehouse,Retail.Store,Shopping.Mall,3324,0,0,0,0,0,0,0,0,0,0,0,0,2556,6000,2,6000,0,0,6000,0,0,0,5882,118,2,35,0,0,35,0,2,1.5,FALSE,Normal
332,14/12/2018,2018,12,4,14,2,5,Outlet,Retail.Store,Stand.Alone,1662,0,0,0,0,0,0,0,0,0,0,0,0,1278,3000,2,3000,0,0,3000,3000,1,0,2941,59,0,5,0,0,5,0,1,1,FALSE,Normal
333,14/12/2018,2018,12,4,14,2,41,Warehouse,Retail.Store,Shopping.Mall,1662,0,0,0,0,0,0,0,0,0,0,0,0,1278,3000,6,3000,0,0,3000,0,0,0,2941,59,0,33,0,0,33,0,1,1.5,FALSE,Normal
334,14/12/2018,2018,12,4,14,2,6,Primary.Store,Retail.Store,Shopping.Mall,0,0,0,0,0,0,0,0,0,0,0,0,0,1,0,4,0,0,0,0,3000,1,0,1,1,1,11,0,0,11,0,0,0,FALSE,Normal
335,14/12/2018,2018,12,4,14,2,124,Outlet,In.Transit,None,0,0,0,0,0,0,0,0,0,16622,0,0,0,0,0,0,0,0,0,0,0,0,0,0,0,0,10,0,0,10,10,0,0,FALSE,Normal
337,14/12/2018,2018,12,4,14,2,136,Primary.Store,Retail.Store,Stand.Alone,3324,0,0,0,0,0,0,0,0,0,0,0,0,2557,6000,9,6000,0,0,6000,0,0,0,5883,117,0,252,0,0,252,0,2,1,FALSE,Normal
338,15/12/2018,2018,12,5,15,3,44,Primary.Store,Retail.Store,Shopping.Mall,4986,0,0,0,0,0,0,0,0,0,1500,1470,1,2364,9000,14,7500,0,0,7500,0,0,0,7352,148,0,5,0,0,5,0,3,1.5,FALSE,Normal
339,15/12/2018,2018,12,5,15,3,41,Warehouse,Retail.Store,Shopping.Mall,1662,0,0,0,0,0,0,0,0,0,0,0,0,1278,3000,3,3000,0,0,3000,0,0,0,2941,59,0,32,0,0,32,0,1,1,FALSE,Normal
340,15/12/2018,2018,12,5,15,3,5,Outlet,Retail.Store,Stand.Alone,0,0,0,0,0,0,0,0,0,0,0,0,0,0,0,7,0,0,0,0,3000,1,0,0,0,0,6,0,0,6,0,0,0.5,FALSE,Normal
341,15/12/2018,2018,12,5,15,3,2,Outlet,Retail.Store,Stand.Alone,3324,0,0,0,0,0,0,0,0,0,0,0,0,2556,6000,3,6000,0,0,6000,0,0,0,5882,118,1,10,0,0,10,0,2,0.5,FALSE,Normal
342,15/12/2018,2018,12,5,15,3,136,Primary.Store,Retail.Store,Stand.Alone,4986,0,0,0,0,0,0,0,0,0,1500,1471,1,2366,9000,17,7500,0,0,7500,3000,1,0,7354,146,0,250,0,0,250,0,3,2.5,FALSE,Normal
343,15/12/2018,2018,12,5,15,3,6,Primary.Store,Retail.Store,Shopping.Mall,3324,0,0,0,0,0,0,0,0,0,0,0,0,2556,6000,8,6000,0,0,6000,0,0,0,5882,118,0,11,0,0,11,0,2,1,FALSE,Normal
344,16/12/2018,2018,12,6,16,3,41,Warehouse,Retail.Store,Shopping.Mall,8310,0,0,0,0,0,0,0,0,0,0,0,0,6390,15000,10,15000,0,0,15000,0,0,0,14705,295,2,31,0,0,31,0,5,3,FALSE,Normal
345,16/12/2018,2018,12,6,16,3,6,Primary.Store,Retail.Store,Shopping.Mall,0,0,0,0,0,0,0,0,0,0,0,0,0,0,0,4,0,0,0,0,3000,1,0,0,0,0,9,0,0,9,0,0,1,FALSE,Normal
346,16/12/2018,2018,12,6,16,3,136,Primary.Store,Retail.Store,Stand.Alone,0,0,0,0,0,0,0,0,0,0,0,0,0,0,0,10,0,0,0,0,3000,1,0,0,0,0,247,0,0,247,0,0,1.5,FALSE,Normal
348,16/12/2018,2018,12,6,16,3,2,Outlet,Retail.Store,Stand.Alone,1662,0,0,0,0,0,0,0,0,0,0,0,0,1278,3000,6,3000,0,0,3000,0,0,0,2941,59,0,8,0,0,8,0,1,1.5,FALSE,Normal
349,17/12/2018,2018,12,0,17,3,2,Outlet,Retail.Store,Stand.Alone,0,0,0,1662,0,0,0,0,0,1662,0,0,0,0,0,0,0,0,0,0,0,0,0,0,0,0,7,0,0,7,1,0,0.5,FALSE,Normal
350,17/12/2018,2018,12,0,17,3,6,Primary.Store,Retail.Store,Shopping.Mall,1662,0,0,0,0,0,0,0,0,0,0,0,0,1278,3000,2,3000,0,0,3000,0,0,0,2941,59,0,9,0,0,9,0,1,0.5,FALSE,Normal
351,17/12/2018,2018,12,0,17,3,138,Outlet,Retail.Store,None,1662,0,0,0,0,0,0,0,0,0,0,0,0,1278,3000,1,3000,0,0,3000,0,0,0,2941,59,1,3,0,0,3,0,1,0,FALSE,Normal
352,17/12/2018,2018,12,0,17,3,136,Primary.Store,Retail.Store,Stand.Alone,1662,0,0,0,0,0,0,0,0,0,0,0,0,1278,3000,2,3000,0,0,3000,3000,1,0,2941,59,0,247,0,0,247,0,1,0.5,FALSE,Normal
353,17/12/2018,2018,12,0,17,3,88,Outlet,In.Transit,None,0,0,0,0,0,0,0,0,1662,0,0,0,0,0,0,0,0,0,0,0,0,0,0,0,0,0,0,0,1,1,0,0,0,FALSE,Normal
355,18/12/2018,2018,12,1,18,3,138,Outlet,Retail.Store,None,1662,0,0,0,0,0,0,0,0,0,0,0,0,1279,3000,3,3000,0,0,3000,0,0,0,2942,58,0,2,0,0,2,0,1,1,FALSE,Normal
356,18/12/2018,2018,12,1,18,3,6,Primary.Store,Retail.Store,Shopping.Mall,1662,0,0,0,0,0,0,0,0,0,0,0,0,1278,3000,6,3000,0,0,3000,0,0,0,2941,59,0,8,0,0,8,0,1,1,FALSE,Normal
357,18/12/2018,2018,12,1,18,3,5,Outlet,Retail.Store,Stand.Alone,0,0,0,0,0,0,0,0,0,0,0,0,0,0,0,0,0,0,0,0,0,0,0,0,0,0,4,0,0,4,0,0,1,FALSE,Normal
358,18/12/2018,2018,12,1,18,3,5,Outlet,Retail.Store,Stand.Alone,3324,0,0,0,0,0,0,0,0,0,0,0,0,2556,6000,7,6000,0,0,6000,0,0,0,5882,118,1,6,0,0,6,0,2,1,FALSE,Normal
359,18/12/2018,2018,12,1,18,3,136,Primary.Store,Retail.Store,Stand.Alone,1662,0,0,0,0,0,0,0,0,0,0,0,0,1279,3000,9,3000,0,0,3000,0,0,0,2942,58,0,248,0,0,248,0,1,0,FALSE,Normal
360,18/12/2018,2018,12,1,18,3,41,Warehouse,Retail.Store,Shopping.Mall,6648,0,0,0,0,0,0,0,0,0,0,0,0,5113,12000,11,12000,0,0,12000,0,0,0,11765,235,0,26,0,0,26,0,4,4.5,FALSE,Normal
361,19/12/2018,2018,12,2,19,3,5,Outlet,Retail.Store,Stand.Alone,3324,0,0,0,0,0,0,0,0,0,0,0,0,2556,6000,6,6000,0,0,6000,0,0,0,5882,118,1,4,0,0,4,0,2,1,FALSE,Normal
363,19/12/2018,2018,12,2,19,3,6,Primary.Store,Retail.Store,Shopping.Mall,1662,0,0,0,0,0,0,0,0,0,0,0,0,1278,3000,2,3000,0,0,3000,3000,1,0,2941,59,0,7,0,0,7,0,1,0,FALSE,Normal
364,19/12/2018,2018,12,2,19,3,41,Warehouse,Retail.Store,Shopping.Mall,1662,0,0,0,0,0,0,0,0,0,0,0,0,1279,3000,2,3000,0,0,3000,0,0,0,2942,58,0,22,0,0,22,0,1,2.5,FALSE,Normal
365,19/12/2018,2018,12,2,19,3,136,Primary.Store,Retail.Store,Stand.Alone,1662,0,0,0,0,0,0,0,0,0,0,0,0,1278,3000,2,3000,0,0,3000,0,0,0,2941,59,0,247,0,0,247,0,1,1,FALSE,Normal
366,19/12/2018,2018,12,2,19,3,2,Outlet,Retail.Store,Stand.Alone,1662,0,0,0,0,0,0,0,0,0,0,0,0,1278,3000,1,3000,0,0,3000,0,0,0,2941,59,1,6,0,0,6,0,1,0.5,FALSE,Normal
367,20/12/2018,2018,12,3,20,3,136,Primary.Store,Retail.Store,Stand.Alone,4986,0,0,0,0,0,0,0,0,0,0,0,0,3835,9000,18,9000,0,0,9000,3000,1,0,8824,176,0,246,0,0,246,0,3,2,FALSE,Normal
368,20/12/2018,2018,12,3,20,3,2,Outlet,Retail.Store,Stand.Alone,3324,0,0,0,0,0,0,0,0,0,0,0,0,2557,6000,15,6000,0,0,6000,0,0,0,5883,117,0,5,0,0,5,0,2,1.5,FALSE,Normal
369,20/12/2018,2018,12,3,20,3,6,Primary.Store,Retail.Store,Shopping.Mall,1662,0,0,0,0,0,0,0,0,0,0,0,0,1278,3000,11,3000,0,0,3000,0,0,0,2941,59,0,8,0,0,8,0,1,0,FALSE,Normal
370,21/12/2018,2018,12,4,21,3,2,Outlet,Retail.Store,Stand.Alone,1662,0,0,0,0,0,0,0,0,0,0,0,0,1278,3000,2,3000,0,0,3000,3000,1,0,2941,59,0,3,0,0,3,0,1,0.5,FALSE,Normal
371,21/12/2018,2018,12,4,21,3,41,Warehouse,Retail.Store,Shopping.Mall,1662,0,0,0,0,0,0,0,0,0,0,0,0,1278,3000,1,3000,0,0,3000,0,0,0,2941,59,1,21,0,0,21,0,1,1,FALSE,Normal
372,21/12/2018,2018,12,4,21,3,135,Primary.Store,In.Transit,None,0,0,0,0,0,0,0,0,0,66488,0,0,0,0,0,0,0,0,0,0,0,0,0,0,0,0,40,0,0,40,40,0,0,FALSE,Normal
373,21/12/2018,2018,12,4,21,3,6,Primary.Store,Retail.Store,Shopping.Mall,1662,0,0,0,0,0,0,0,0,0,0,0,0,1278,3000,1,3000,0,0,3000,0,0,0,2941,59,1,7,0,0,7,0,1,1,FALSE,Normal
374,21/12/2018,2018,12,4,21,3,136,Primary.Store,Retail.Store,Stand.Alone,1662,0,0,0,0,0,0,0,0,0,0,0,0,1278,3000,6,3000,0,0,3000,0,0,0,2941,59,0,243,0,0,243,0,1,2,FALSE,Normal
375,22/12/2018,2018,12,5,22,4,41,Warehouse,Retail.Store,Shopping.Mall,8310,0,0,0,0,0,0,0,0,0,0,0,0,6392,15000,12,15000,0,0,15000,0,0,0,14706,294,1,20,0,0,20,0,5,3,FALSE,Normal
377,22/12/2018,2018,12,5,22,4,6,Primary.Store,Retail.Store,Shopping.Mall,4986,0,0,0,0,0,0,0,0,0,0,0,0,3834,9000,18,9000,0,0,9000,0,0,0,8823,177,1,6,0,0,6,0,3,2,FALSE,Normal
378,22/12/2018,2018,12,5,22,4,136,Primary.Store,Retail.Store,Stand.Alone,3324,0,0,0,0,0,0,0,0,0,0,0,0,2556,6000,12,6000,0,0,6000,3000,1,0,5882,118,1,242,0,0,242,0,2,1.5,FALSE,Normal
379,22/12/2018,2018,12,5,22,4,2,Outlet,Retail.Store,Stand.Alone,1662,0,0,0,0,0,0,0,0,0,0,0,0,1278,3000,1,3000,0,0,3000,0,0,0,2941,59,1,4,0,0,4,0,1,0,FALSE,Normal
380,23/12/2018,2018,12,6,23,4,41,Warehouse,Retail.Store,Shopping.Mall,3324,0,0,0,0,0,0,0,0,0,0,0,0,2556,6000,14,6000,0,0,6000,0,0,0,5882,118,0,15,0,0,15,0,2,3.5,FALSE,Normal
381,23/12/2018,2018,12,6,23,4,138,Outlet,Retail.Store,None,1662,0,0,0,0,0,0,0,0,0,0,0,0,1278,3000,1,3000,0,0,3000,3000,1,0,2941,59,0,1,0,0,1,0,1,0,TRUE,Normal
382,23/12/2018,2018,12,6,23,4,2,Outlet,Retail.Store,Stand.Alone,1662,0,0,0,0,0,0,0,0,0,0,0,0,1279,3000,7,3000,0,0,3000,0,0,0,2942,58,0,3,0,0,3,0,1,1,FALSE,Normal
383,23/12/2018,2018,12,6,23,4,136,Primary.Store,Retail.Store,Stand.Alone,3324,0,0,0,0,0,0,0,0,0,0,0,0,2556,6000,6,6000,0,0,6000,0,0,0,5882,118,0,240,0,0,240,0,2,2,FALSE,Normal
384,23/12/2018,2018,12,6,23,4,6,Primary.Store,Retail.Store,Shopping.Mall,1662,0,0,0,0,0,0,0,0,0,0,0,0,1278,3000,1,3000,0,0,3000,0,0,0,2941,59,1,3,0,0,3,0,1,2,FALSE,Normal
385,24/12/2018,2018,12,0,24,4,2,Outlet,Retail.Store,Stand.Alone,1662,0,0,0,0,0,0,0,0,0,0,0,0,1278,3000,4,3000,0,0,3000,0,0,0,2941,59,0,2,0,0,2,0,1,1,FALSE,Normal
386,24/12/2018,2018,12,0,24,4,41,Warehouse,Retail.Store,Shopping.Mall,1662,0,0,0,0,0,0,0,0,0,0,0,0,1278,3000,3,3000,0,0,3000,0,0,0,2941,59,0,13,0,0,13,0,1,1.5,FALSE,Normal
387,24/12/2018,2018,12,0,24,4,136,Primary.Store,Retail.Store,Stand.Alone,0,0,0,0,0,0,0,0,0,0,0,0,0,0,0,4,0,0,0,0,3000,1,0,0,0,0,238,0,0,238,0,0,1,FALSE,Normal
388,25/12/2018,2018,12,1,25,4,6,Primary.Store,Retail.Store,Shopping.Mall,0,0,0,0,0,0,0,0,0,0,0,0,0,0,0,0,0,0,0,0,0,0,0,0,0,0,2,0,0,2,0,0,0.5,FALSE,Normal
390,25/12/2018,2018,12,1,25,4,136,Primary.Store,Retail.Store,Stand.Alone,1662,0,0,0,0,0,0,0,0,0,0,0,0,1278,3000,9,3000,0,0,3000,0,0,0,2941,59,0,238,0,0,238,0,1,0.5,FALSE,Normal
391,26/12/2018,2018,12,2,26,4,136,Primary.Store,Retail.Store,Stand.Alone,6648,0,0,0,0,0,0,0,0,0,0,0,0,5112,12000,23,12000,0,0,12000,3000,1,0,11764,236,2,237,0,0,237,0,4,2.5,FALSE,Normal
392,26/12/2018,2018,12,2,26,4,138,Outlet,Retail.Store,None,1662,0,0,0,0,0,0,0,0,0,0,0,0,1278,3000,2,3000,0,0,3000,0,0,0,2941,59,0,2,0,0,2,0,1,0,FALSE,Normal
393,27/12/2018,2018,12,3,27,4,136,Primary.Store,Retail.Store,Stand.Alone,3324,0,0,0,0,0,0,0,0,0,0,0,0,2556,6000,6,6000,0,0,6000,0,0,0,5882,118,0,233,0,0,233,0,2,3,FALSE,Normal
394,27/12/2018,2018,12,3,27,4,3,Outlet,Retail.Store,Shopping.Mall,0,0,0,0,0,0,0,0,0,0,0,0,0,0,0,0,0,0,0,0,0,0,0,0,0,0,1,0,0,1,0,0,0.5,FALSE,Normal
396,27/12/2018,2018,12,3,27,4,41,Warehouse,Retail.Store,Shopping.Mall,1662,0,0,0,0,0,0,0,0,0,0,0,0,1278,3000,1,3000,0,0,3000,0,0,0,2941,59,1,12,0,0,12,0,1,1,FALSE,Normal
397,28/12/2018,2018,12,4,28,4,136,Primary.Store,Retail.Store,Stand.Alone,1662,0,0,0,0,0,0,0,0,0,0,0,0,1279,3000,8,3000,0,0,3000,0,0,0,2942,58,0,231,0,0,231,0,1,1.5,FALSE,Normal
400,28/12/2018,2018,12,4,28,4,41,Warehouse,Retail.Store,Shopping.Mall,1662,0,0,0,0,0,0,0,0,0,0,0,0,1278,3000,5,3000,0,0,3000,0,0,0,2941,59,0,11,0,0,11,0,1,1,FALSE,Normal
401,29/12/2018,2018,12,5,29,5,136,Primary.Store,Retail.Store,Stand.Alone,1662,0,0,0,0,0,0,0,0,0,0,0,0,1278,3000,9,3000,0,0,3000,0,0,0,2941,59,0,230,0,0,230,0,1,1,FALSE,Normal
402,29/12/2018,2018,12,5,29,5,41,Warehouse,Retail.Store,Shopping.Mall,3324,0,0,0,0,0,0,0,0,0,0,0,0,2558,6000,9,6000,0,0,6000,0,0,0,5883,117,0,10,0,0,10,0,2,1.5,FALSE,Normal
403,30/12/2018,2018,12,6,30,5,136,Primary.Store,Retail.Store,Stand.Alone,8310,0,0,0,0,0,0,0,0,0,1200,1176,2,5214,15000,363,13800,0,0,13800,0,0,0,13529,271,0,229,0,0,229,0,5,3,FALSE,Normal
404,30/12/2018,2018,12,6,30,5,41,Warehouse,Retail.Store,Shopping.Mall,3324,0,0,0,0,0,0,0,0,0,0,0,0,2556,6000,4,6000,0,0,6000,0,0,0,5882,118,1,8,0,0,8,0,2,2,FALSE,Normal
405,31/12/2018,2018,12,0,31,5,41,Warehouse,Retail.Store,Shopping.Mall,1662,0,0,0,0,0,0,0,0,0,0,0,0,1278,3000,4,3000,0,0,3000,0,0,0,2941,59,0,6,0,0,6,0,1,1.5,FALSE,Normal
406,31/12/2018,2018,12,0,31,5,136,Primary.Store,Retail.Store,Stand.Alone,1662,0,0,0,0,0,0,0,0,0,0,0,0,1279,3000,2,3000,0,0,3000,0,0,0,2942,58,0,224,0,0,224,0,1,3,FALSE,Normal
407,31/12/2018,2018,12,0,31,5,43,NOS,Retail.Store,Shopping.Mall,1662,0,0,0,0,0,0,0,0,0,0,0,0,1278,3000,1,3000,0,0,3000,3000,1,0,2941,59,0,0,0,0,0,0,1,0,FALSE,Normal
408,01/01/2019,2019,1,1,1,1,136,Primary.Store,Retail.Store,Stand.Alone,1662,0,0,0,0,0,0,0,0,0,0,0,0,1278,3000,5,3000,0,0,3000,0,0,0,2941,59,0,223,0,0,223,0,1,1,FALSE,Normal
409,01/01/2019,2019,1,1,1,1,5,Outlet,Retail.Store,Stand.Alone,0,0,0,0,0,0,0,0,0,0,0,0,0,0,0,8,0,0,0,0,3000,1,0,0,0,0,1,0,0,1,0,0,0.5,FALSE,Normal
410,01/01/2019,2019,1,1,1,1,74,Others,Others,None,0,0,0,3324,0,0,0,0,3324,0,0,0,0,0,0,0,0,0,0,0,0,0,0,0,0,0,0,0,2,2,0,0,0,FALSE,Normal
412,02/01/2019,2019,1,2,2,1,136,Primary.Store,Retail.Store,Stand.Alone,1662,0,0,0,0,0,0,0,0,0,600,588,1,690,3000,4,2400,0,0,2400,2400,1,0,2353,47,0,222,0,0,222,0,1,0,FALSE,Normal
413,03/01/2019,2019,1,3,3,1,136,Primary.Store,Retail.Store,Stand.Alone,3324,0,0,0,0,0,0,0,0,0,0,0,0,2556,6000,5,6000,0,0,6000,0,0,0,5882,118,1,223,0,0,223,0,2,0.5,FALSE,Normal
414,03/01/2019,2019,1,3,3,1,41,Warehouse,Retail.Store,Shopping.Mall,1662,0,0,0,0,0,0,0,0,0,0,0,0,1278,3000,2,3000,0,0,3000,0,0,0,2941,59,0,5,0,0,5,0,1,1,FALSE,Normal
415,04/01/2019,2019,1,4,4,1,127,Outlet,In.Transit,None,0,0,0,0,0,0,0,0,1662,0,0,0,0,0,0,0,0,0,0,0,0,0,0,0,0,0,0,0,1,1,0,0,0,FALSE,Normal
416,04/01/2019,2019,1,4,4,1,41,Warehouse,Retail.Store,Shopping.Mall,0,0,0,0,0,0,0,0,0,0,0,0,0,0,0,0,0,0,0,0,0,0,0,0,0,0,3,0,0,3,0,0,0.5,FALSE,Normal
417,04/01/2019,2019,1,4,4,1,43,NOS,Retail.Store,Shopping.Mall,0,0,0,1662,0,0,0,0,0,1662,0,0,0,0,0,0,0,0,0,0,0,0,0,0,0,0,1,0,0,1,1,0,0.5,FALSE,Normal
418,04/01/2019,2019,1,4,4,1,41,Warehouse,Retail.Store,Shopping.Mall,1662,0,0,0,0,0,0,0,0,0,0,0,0,1278,3000,1,3000,0,0,3000,0,0,0,2941,59,1,4,0,0,4,0,1,1,FALSE,Normal
419,04/01/2019,2019,1,4,4,1,136,Primary.Store,Retail.Store,Stand.Alone,3324,0,0,0,0,0,0,0,0,0,1500,1471,1,1087,6000,4,4500,0,0,4500,0,0,0,4412,88,1,221,0,0,221,0,2,2,FALSE,Normal
420,05/01/2019,2019,1,5,5,1,127,Outlet,In.Transit,None,0,0,0,0,0,0,0,0,0,1662,0,0,0,0,0,0,0,0,0,0,0,0,0,0,0,0,1,0,0,1,1,0,0,FALSE,Normal
422,05/01/2019,2019,1,5,5,1,136,Primary.Store,Retail.Store,Stand.Alone,4986,0,0,0,0,0,0,0,0,0,0,0,0,3834,9000,16,9000,0,0,9000,0,0,0,8823,177,0,219,0,0,219,0,3,2.5,FALSE,Normal
423,05/01/2019,2019,1,5,5,1,6,Primary.Store,Retail.Store,Shopping.Mall,0,0,0,1662,0,0,0,0,1662,0,0,0,0,0,0,0,0,0,0,0,0,0,0,0,0,0,0,0,1,1,0,0,0,FALSE,Normal
424,06/01/2019,2019,1,6,6,1,136,Primary.Store,Retail.Store,Stand.Alone,1662,0,0,0,0,0,0,0,0,0,0,0,0,1278,3000,12,3000,0,0,3000,3000,1,0,2941,59,0,216,0,0,216,0,1,2,FALSE,Normal
426,07/01/2019,2019,1,0,7,1,136,Primary.Store,Retail.Store,Stand.Alone,1662,0,0,0,0,0,0,0,0,0,600,588,1,690,3000,2,2400,0,0,2400,0,0,0,2353,47,0,215,0,0,215,0,1,1,FALSE,Normal
427,08/01/2019,2019,1,1,8,2,136,Primary.Store,Retail.Store,Stand.Alone,1662,0,0,0,0,0,0,0,0,0,0,0,0,1278,3000,2,3000,0,0,3000,0,0,0,2941,59,0,214,0,0,214,0,1,1,FALSE,Normal
428,09/01/2019,2019,1,2,9,2,3,Outlet,Retail.Store,Shopping.Mall,1662,0,0,0,0,0,0,0,0,0,0,0,0,1278,3000,1,3000,0,0,3000,3000,1,0,2941,59,0,1,0,0,1,0,1,0.5,TRUE,Normal
429,10/01/2019,2019,1,3,10,2,136,Primary.Store,Retail.Store,Stand.Alone,1662,0,0,0,0,0,0,0,0,0,0,0,0,1278,3000,2,3000,0,0,3000,0,0,0,2941,59,0,213,0,0,213,0,1,0.5,FALSE,Normal
430,10/01/2019,2019,1,3,10,2,136,Primary.Store,Retail.Store,Stand.Alone,0,0,0,0,0,0,0,3324,0,0,0,0,0,0,0,0,0,0,2,0,0,0,0,0,0,0,213,0,0,213,0,0,0.5,FALSE,Normal
431,10/01/2019,2019,1,3,10,2,6,Primary.Store,Retail.Store,Shopping.Mall,1662,0,0,0,0,0,0,0,0,0,0,0,0,1278,3000,1,3000,0,0,3000,3000,1,0,2941,59,0,0,0,0,0,0,1,0,FALSE,Normal
432,11/01/2019,2019,1,4,11,2,88,Outlet,In.Transit,None,0,0,0,0,0,0,0,0,0,1662,0,0,0,0,0,0,0,0,0,0,0,0,0,0,0,0,1,0,0,1,1,0,0,FALSE,Normal
433,11/01/2019,2019,1,4,11,2,136,Primary.Store,Retail.Store,Stand.Alone,3324,0,0,0,0,0,0,0,0,0,0,0,0,2557,6000,5,6000,0,0,6000,0,0,0,5883,117,1,212,0,0,212,0,2,1.5,FALSE,Normal
434,11/01/2019,2019,1,4,11,2,74,Others,Others,None,0,0,0,6648,0,0,0,0,6648,0,0,0,0,0,0,0,0,0,0,0,0,0,0,0,0,0,2,0,4,6,0,0,0,FALSE,Normal
435,11/01/2019,2019,1,4,11,2,6,Primary.Store,Retail.Store,Shopping.Mall,1662,0,0,0,0,0,0,0,0,0,0,0,0,1278,3000,1,3000,0,0,3000,0,0,0,2941,59,1,1,0,0,1,0,1,0,TRUE,Normal
436,11/01/2019,2019,1,4,11,2,41,Warehouse,Retail.Store,Shopping.Mall,3324,0,0,0,0,0,0,0,0,0,0,0,0,2556,6000,6,6000,0,0,6000,0,0,0,5882,118,1,3,0,0,3,0,2,1,FALSE,Normal
437,12/01/2019,2019,1,5,12,2,3,Outlet,Retail.Store,Shopping.Mall,1662,0,0,0,0,0,0,0,0,0,0,0,0,1278,3000,2,3000,0,0,3000,0,0,0,2941,59,0,2,0,0,2,0,1,0,FALSE,Normal
438,12/01/2019,2019,1,5,12,2,136,Primary.Store,Retail.Store,Stand.Alone,1662,0,0,0,0,0,0,0,0,0,0,0,0,1279,3000,20,3000,0,0,3000,6000,2,0,2942,58,1,210,0,0,210,0,1,1.5,FALSE,Normal
439,13/01/2019,2019,1,6,13,2,136,Primary.Store,Retail.Store,Stand.Alone,1662,0,0,0,0,0,0,0,0,0,0,0,0,1278,3000,1,3000,0,0,3000,0,0,0,2941,59,1,209,0,0,209,0,1,1,FALSE,Normal
440,14/01/2019,2019,1,0,14,2,136,Primary.Store,Retail.Store,Stand.Alone,3324,0,0,0,0,0,0,0,0,0,0,0,0,2557,6000,5,6000,0,0,6000,0,0,0,5883,117,0,208,0,0,208,0,2,1.5,FALSE,Normal
441,15/01/2019,2019,1,1,15,3,136,Primary.Store,Retail.Store,Stand.Alone,3324,0,0,0,0,0,0,0,0,0,0,0,0,2558,6000,9,6000,0,0,6000,3000,1,0,5882,118,0,206,0,0,206,0,2,2,FALSE,Normal
442,16/01/2019,2019,1,2,16,3,42,Outlet,Retail.Store,Shopping.Mall,1662,0,0,0,0,0,0,0,0,0,0,0,0,1278,3000,2,3000,0,0,3000,3000,1,0,2941,59,0,1,0,0,1,0,1,0.5,TRUE,Normal
443,16/01/2019,2019,1,2,16,3,136,Primary.Store,Retail.Store,Stand.Alone,0,0,0,0,0,0,0,0,0,0,0,0,0,0,0,7,0,0,0,0,3000,1,0,0,0,0,204,0,0,204,0,0,1,FALSE,Normal
445,17/01/2019,2019,1,3,17,3,136,Primary.Store,Retail.Store,Stand.Alone,1662,0,0,0,0,0,0,0,0,0,0,0,0,1278,3000,5,3000,0,0,3000,0,0,0,2941,59,0,204,0,0,204,0,1,0.5,FALSE,Normal
446,18/01/2019,2019,1,4,18,3,136,Primary.Store,Retail.Store,Stand.Alone,3324,0,0,0,0,0,0,0,0,0,0,0,0,2557,6000,14,6000,0,0,6000,0,0,0,5883,117,0,203,0,0,203,0,2,1.5,FALSE,Normal
447,18/01/2019,2019,1,4,18,3,44,Primary.Store,Retail.Store,Shopping.Mall,1662,0,0,0,0,0,0,0,0,0,0,0,0,1278,3000,1,3000,0,0,3000,3000,1,0,2941,59,0,0,0,0,0,0,1,0.5,FALSE,Normal
448,19/01/2019,2019,1,5,19,3,136,Primary.Store,Retail.Store,Stand.Alone,1662,0,0,0,0,0,0,0,0,0,0,0,0,1278,3000,4,3000,0,0,3000,3000,1,0,2941,59,1,201,0,0,201,0,1,1.5,FALSE,Normal
449,19/01/2019,2019,1,5,19,3,74,Others,Others,None,0,0,0,1662,0,0,0,0,1662,0,0,0,0,0,0,0,0,0,0,0,0,0,0,0,0,0,6,0,1,7,0,0,0,FALSE,Normal
450,21/01/2019,2019,1,0,21,3,136,Primary.Store,Retail.Store,Stand.Alone,4986,0,0,0,0,0,0,0,0,0,0,0,0,3834,9000,19,9000,0,0,9000,0,0,0,8823,177,0,200,0,0,200,0,3,2,FALSE,Normal
451,21/01/2019,2019,1,0,21,3,5,Outlet,Retail.Store,Stand.Alone,3324,0,0,0,0,0,0,0,0,0,0,0,0,2557,6000,6,6000,0,0,6000,6000,2,0,5883,117,0,0,0,0,0,0,2,0.5,FALSE,Normal
452,22/01/2019,2019,1,1,22,4,136,Primary.Store,Retail.Store,Stand.Alone,4986,0,0,0,0,0,0,0,0,0,0,0,0,3834,9000,7,9000,0,0,9000,0,0,0,8823,177,1,197,0,0,197,0,3,3,FALSE,Normal
453,23/01/2019,2019,1,2,23,4,44,Primary.Store,Retail.Store,Shopping.Mall,1662,0,0,0,0,0,0,0,0,0,0,0,0,1278,3000,1,3000,0,0,3000,3000,1,0,2941,59,0,1,0,0,1,0,1,1,TRUE,Normal
454,23/01/2019,2019,1,2,23,4,136,Primary.Store,Retail.Store,Stand.Alone,6648,0,0,0,0,0,0,0,0,0,0,0,0,5112,12000,11,12000,0,0,12000,0,0,0,11764,236,0,194,0,0,194,0,4,3.5,FALSE,Normal
455,23/01/2019,2019,1,2,23,4,74,Others,Others,None,0,0,0,1662,0,0,0,0,1662,0,0,0,0,0,0,0,0,0,0,0,0,0,0,0,0,0,7,0,1,8,0,0,0,FALSE,Normal
456,24/01/2019,2019,1,3,24,4,136,Primary.Store,Retail.Store,Stand.Alone,9972,0,0,0,0,0,0,0,0,0,0,0,0,7669,18000,16,18000,0,0,18000,0,0,0,17647,353,1,190,0,0,190,0,6,5,FALSE,Normal
457,25/01/2019,2019,1,4,25,4,136,Primary.Store,Retail.Store,Stand.Alone,3324,0,0,0,0,0,0,0,0,0,0,0,0,2556,6000,3,6000,0,0,6000,0,0,0,5882,118,1,184,0,0,184,0,2,4,FALSE,Normal
458,26/01/2019,2019,1,5,26,4,44,Primary.Store,Retail.Store,Shopping.Mall,1662,0,0,0,0,0,0,0,0,0,0,0,0,1278,3000,4,3000,0,0,3000,0,0,0,2941,59,0,2,0,0,2,0,1,0,FALSE,Normal
459,26/01/2019,2019,1,5,26,4,136,Primary.Store,Retail.Store,Stand.Alone,6648,0,0,0,0,0,0,0,0,0,0,0,0,5113,12000,23,12000,0,0,12000,3000,1,0,11765,235,1,182,0,0,182,0,4,3,FALSE,Normal
460,27/01/2019,2019,1,6,27,4,136,Primary.Store,Retail.Store,Stand.Alone,0,0,0,0,0,0,0,0,0,0,0,0,0,0,0,6,0,0,0,0,3000,1,0,0,0,0,178,0,0,178,0,0,2,FALSE,Normal
461,28/01/2019,2019,1,0,28,4,42,Outlet,Retail.Store,Shopping.Mall,1662,0,0,0,0,0,0,0,0,0,0,0,0,1278,3000,8,3000,0,0,3000,0,0,0,2941,59,0,2,0,0,2,0,1,0,FALSE,Normal
462,28/01/2019,2019,1,0,28,4,74,Others,Others,None,0,0,0,1662,0,0,0,0,1662,0,0,0,0,0,0,0,0,0,0,0,0,0,0,0,0,0,8,0,1,9,0,0,0,FALSE,Normal
463,28/01/2019,2019,1,0,28,4,135,Primary.Store,In.Transit,None,0,0,0,0,0,0,0,0,21607,0,0,0,0,0,0,0,0,0,0,0,0,0,0,0,0,0,0,0,13,13,0,0,0,FALSE,Normal
464,28/01/2019,2019,1,0,28,4,136,Primary.Store,Retail.Store,Stand.Alone,0,0,0,0,0,0,0,0,0,0,0,0,0,0,0,3,0,0,0,0,3000,1,0,0,0,0,165,0,0,165,0,0,0,FALSE,Normal
465,28/01/2019,2019,1,0,28,4,136,Primary.Store,Retail.Store,Stand.Alone,0,0,0,21607,0,0,0,0,0,21607,0,0,0,0,0,0,0,0,0,0,0,0,0,0,0,0,178,0,0,178,13,0,0,FALSE,Normal
466,29/01/2019,2019,1,1,29,5,136,Primary.Store,Retail.Store,Stand.Alone,1662,0,0,0,0,0,0,0,0,0,0,0,0,1278,3000,4,3000,0,0,3000,3000,1,0,2941,59,1,165,0,0,165,0,1,0.5,FALSE,Normal
467,29/01/2019,2019,1,1,29,5,74,Others,Others,None,0,0,0,4986,0,0,0,0,4986,0,0,0,0,0,0,0,0,0,0,0,0,0,0,0,0,0,9,0,3,12,0,0,0,FALSE,Normal
468,30/01/2019,2019,1,2,30,5,136,Primary.Store,Retail.Store,Stand.Alone,3324,0,0,0,0,0,0,0,0,0,600,588,1,1968,6000,8,5400,0,0,5400,0,0,0,5294,106,0,164,0,0,164,0,2,1.5,FALSE,Normal
469,31/01/2019,2019,1,3,31,5,74,Others,Others,None,0,0,0,0,0,0,0,16621,0,0,0,0,0,0,0,0,0,0,10,0,0,0,0,0,0,0,12,0,0,12,0,0,0,FALSE,Normal
472,01/02/2019,2019,2,4,1,1,5,Outlet,Retail.Store,Stand.Alone,3324,0,0,0,0,0,0,0,0,0,0,0,0,792,4200,7,4200,0,0,4200,0,0,0,4118,82,0,2,0,0,2,0,2,0,TRUE,Normal
473,01/02/2019,2019,2,4,1,1,136,Primary.Store,Retail.Store,Stand.Alone,0,0,0,123003,0,0,0,0,0,123003,0,0,0,0,0,0,0,0,0,0,0,0,0,0,0,0,136,0,0,136,74,0,13,FALSE,Normal
474,01/02/2019,2019,2,4,1,1,135,Primary.Store,In.Transit,None,0,0,0,0,0,0,0,0,123003,0,0,0,0,0,0,0,0,0,0,0,0,0,0,0,0,0,13,0,74,87,0,0,0,FALSE,Normal
476,01/02/2019,2019,2,4,1,1,136,Primary.Store,Retail.Store,Stand.Alone,43212,0,0,0,0,0,0,0,0,0,0,0,0,10298,54600,180,54600,0,0,54600,4200,2,0,53528,1072,3,162,0,0,162,0,26,14,FALSE,Normal
479,02/02/2019,2019,2,5,2,1,136,Primary.Store,Retail.Store,Stand.Alone,21606,0,0,0,0,0,0,0,0,0,0,0,0,5150,27300,53,27300,0,0,27300,0,0,0,26765,535,1,62,0,0,62,0,13,6.5,FALSE,Normal
484,03/02/2019,2019,2,6,3,1,136,Primary.Store,Retail.Store,Stand.Alone,0,0,0,16622,0,0,0,0,0,16622,0,0,0,0,0,0,0,0,0,0,0,0,0,0,0,0,44,0,0,44,10,0,2.5,FALSE,Normal
485,03/02/2019,2019,2,6,3,1,136,Primary.Store,Retail.Store,Stand.Alone,8310,0,0,0,0,0,0,0,0,0,0,0,0,1980,10500,25,10500,0,0,10500,2100,1,0,10295,205,1,49,0,0,49,0,5,9,FALSE,Normal
486,03/02/2019,2019,2,6,3,1,135,Primary.Store,In.Transit,None,0,0,0,0,0,0,0,0,16622,0,0,0,0,0,0,0,0,0,0,0,0,0,0,0,0,0,87,0,10,97,0,0,0,FALSE,Normal
488,04/02/2019,2019,2,0,4,1,135,Primary.Store,In.Transit,None,0,0,0,0,0,0,0,0,0,123003,0,0,0,0,0,0,0,0,0,0,0,0,0,0,0,0,97,0,0,97,74,0,0,FALSE,Normal
489,04/02/2019,2019,2,0,4,1,6,Primary.Store,Retail.Store,Shopping.Mall,0,0,0,0,0,0,0,0,0,0,0,0,0,0,0,12,0,0,0,0,4200,2,0,0,0,1,16,0,0,16,0,0,0,FALSE,Normal
490,04/02/2019,2019,2,0,4,1,6,Primary.Store,Retail.Store,Shopping.Mall,0,0,0,123003,0,0,0,0,123003,0,0,0,0,0,0,0,0,0,0,0,0,0,0,0,0,0,0,0,74,16,0,0,7.5,FALSE,Normal
491,04/02/2019,2019,2,0,4,1,136,Primary.Store,Retail.Store,Stand.Alone,9972,0,0,0,0,0,0,0,0,0,0,0,0,2377,12600,49,12600,0,0,12600,6300,3,0,12354,246,1,34,0,0,34,0,6,3,FALSE,Normal
492,05/02/2019,2019,2,1,5,1,135,Primary.Store,In.Transit,None,0,0,0,0,0,0,0,0,0,38230,0,0,0,0,0,0,0,0,0,0,0,0,0,0,0,0,23,0,0,23,23,0,0,FALSE,Normal
493,05/02/2019,2019,2,1,5,1,3,Outlet,Retail.Store,Shopping.Mall,0,0,0,21607,0,0,0,0,21607,0,0,0,0,0,0,0,0,0,0,0,0,0,0,0,0,0,1,0,13,1,0,0,0.5,FALSE,Normal
494,05/02/2019,2019,2,1,5,1,136,Primary.Store,Retail.Store,Stand.Alone,6648,0,0,0,0,0,0,0,0,0,0,0,0,1583,8400,11,8400,0,0,8400,0,0,0,8235,165,0,28,0,0,28,0,4,5,FALSE,Normal
496,05/02/2019,2019,2,1,5,1,6,Primary.Store,Retail.Store,Shopping.Mall,6648,0,0,0,0,0,0,0,0,0,0,0,0,1585,8400,16,8400,0,0,8400,0,0,0,8236,164,1,16,0,0,16,0,4,2,FALSE,Normal
497,05/02/2019,2019,2,1,5,1,44,Primary.Store,Retail.Store,Shopping.Mall,0,0,0,16622,0,0,0,0,16622,0,0,0,0,0,0,0,0,0,0,0,0,0,0,0,0,0,1,0,10,1,0,0,0.5,FALSE,Normal
498,06/02/2019,2019,2,2,6,1,136,Primary.Store,Retail.Store,Stand.Alone,8310,0,0,0,0,0,0,0,0,0,0,0,0,1980,10500,16,10500,0,0,10500,0,0,0,10294,206,0,24,0,0,24,0,5,4.5,FALSE,Normal
499,06/02/2019,2019,2,2,6,1,6,Primary.Store,Retail.Store,Shopping.Mall,3324,0,0,0,0,0,0,0,0,0,0,0,0,792,4200,7,4200,0,0,4200,0,0,0,4118,82,0,12,0,0,12,0,2,3,FALSE,Normal
500,07/02/2019,2019,2,3,7,1,136,Primary.Store,Retail.Store,Stand.Alone,4986,0,0,0,0,0,0,0,0,0,0,0,0,1187,6300,6,6300,0,0,6300,0,0,0,6176,124,0,19,0,0,19,0,3,4,FALSE,Normal
501,08/02/2019,2019,2,4,8,2,6,Primary.Store,Retail.Store,Shopping.Mall,1662,0,0,0,0,0,0,0,0,0,0,0,0,396,2100,7,2100,0,0,2100,0,0,0,2059,41,0,10,0,0,10,0,1,1.5,FALSE,Normal
502,09/02/2019,2019,2,5,9,2,6,Primary.Store,Retail.Store,Shopping.Mall,4986,0,0,0,0,0,0,0,0,0,0,0,0,1188,6300,9,6300,0,0,6300,0,1,0,6177,123,1,9,0,0,9,0,3,2,FALSE,Normal
503,09/02/2019,2019,2,5,9,2,136,Primary.Store,Retail.Store,Stand.Alone,3324,0,0,0,0,0,0,0,0,0,0,0,0,792,4200,3,4200,0,0,4200,0,1,0,4118,82,1,16,0,0,16,0,2,2.5,FALSE,Normal
505,10/02/2019,2019,2,6,10,2,136,Primary.Store,Retail.Store,Stand.Alone,3324,0,0,0,0,0,0,0,0,0,0,0,0,792,4200,4,4200,0,0,4200,0,0,0,4118,82,1,14,0,0,14,0,2,2,FALSE,Normal
506,11/02/2019,2019,2,0,11,2,136,Primary.Store,Retail.Store,Stand.Alone,4986,0,0,0,0,0,0,0,0,0,0,0,0,575,4500,14,4500,0,0,4500,0,1,0,4411,89,0,12,0,0,12,0,3,2.5,FALSE,Normal
508,11/02/2019,2019,2,0,11,2,44,Primary.Store,Retail.Store,Shopping.Mall,1662,0,0,0,0,0,0,0,0,0,0,0,0,191,1500,1,1500,0,0,1500,1500,1,0,1471,29,0,0,0,0,0,0,1,0,FALSE,Normal
510,12/02/2019,2019,2,1,12,2,44,Primary.Store,Retail.Store,Shopping.Mall,1662,0,0,0,0,0,0,0,0,0,0,0,0,191,1500,3,1500,0,0,1500,0,1,0,1471,29,0,1,0,0,1,0,1,0,TRUE,Normal
511,12/02/2019,2019,2,1,12,2,136,Primary.Store,Retail.Store,Stand.Alone,6648,0,0,0,0,0,0,0,0,0,0,0,0,765,6000,22,6000,0,0,6000,1500,1,0,5883,117,1,9,0,0,9,0,4,3.5,FALSE,Normal
520,24/02/2019,2019,2,6,24,4,136,Primary.Store,Retail.Store,Stand.Alone,0,0,0,0,0,0,0,0,0,0,0,0,0,0,0,9,0,0,0,0,1500,1,0,0,0,0,0,0,0,0,0,0,0,FALSE,Normal
521,28/02/2019,2019,2,3,28,4,136,Primary.Store,Retail.Store,Stand.Alone,0,0,0,0,0,0,0,0,0,0,0,0,0,0,0,3,0,0,0,0,1500,1,0,0,0,1,0,0,0,0,0,0,0,FALSE,Normal
524,03/05/2019,2019,5,4,3,1,136,Primary.Store,Retail.Store,Stand.Alone,0,0,0,0,0,0,0,1662,0,0,0,0,0,0,0,0,0,0,1,0,0,0,0,0,0,0,0,0,0,0,0,0,0,FALSE,Normal
526,26/07/2019,2019,7,4,26,4,74,Others,Others,None,0,0,0,0,0,0,0,3324,0,0,0,0,0,0,0,0,0,0,2,0,0,0,0,0,0,0,12,0,0,12,0,0,0,FALSE,Normal
